method,declared_path,router_symbol,backend_module,command_center_mapping,authorization_evidence,test_evidence
GET,/admin,router,dependencies.py,REQUIRES_ROUTE_MAPPING,REQUIRES_VERIFICATION,REQUIRES_VERIFICATION
POST,/sessions,router,dependencies.py,REQUIRES_ROUTE_MAPPING,REQUIRES_VERIFICATION,REQUIRES_VERIFICATION
GET,/events/{event_id}/sessions,router,dependencies.py,REQUIRES_ROUTE_MAPPING,REQUIRES_VERIFICATION,REQUIRES_VERIFICATION
GET,/health,app,main.py,REQUIRES_ROUTE_MAPPING,REQUIRES_VERIFICATION,REQUIRES_VERIFICATION
GET,/ready,app,main.py,REQUIRES_ROUTE_MAPPING,REQUIRES_VERIFICATION,REQUIRES_VERIFICATION
POST,/login,router,middleware/rate_limit.py,REQUIRES_ROUTE_MAPPING,REQUIRES_VERIFICATION,REQUIRES_VERIFICATION
POST,/conversations,router,modules/ai/routers/ai.py,REQUIRES_ROUTE_MAPPING,REQUIRES_VERIFICATION,REQUIRES_VERIFICATION
GET,/conversations/{conversation_id}/messages,router,modules/ai/routers/ai.py,REQUIRES_ROUTE_MAPPING,REQUIRES_VERIFICATION,REQUIRES_VERIFICATION
POST,/conversations/{conversation_id}/messages,router,modules/ai/routers/ai.py,REQUIRES_ROUTE_MAPPING,REQUIRES_VERIFICATION,REQUIRES_VERIFICATION
POST,/index,router,modules/ai/routers/ai.py,REQUIRES_ROUTE_MAPPING,REQUIRES_VERIFICATION,REQUIRES_VERIFICATION
GET,/usage,router,modules/ai/routers/ai.py,REQUIRES_ROUTE_MAPPING,REQUIRES_VERIFICATION,REQUIRES_VERIFICATION
GET,/dashboard,router,modules/analytics/routers/analytics.py,REQUIRES_ROUTE_MAPPING,REQUIRES_VERIFICATION,REQUIRES_VERIFICATION
GET,/funnel,router,modules/analytics/routers/analytics.py,REQUIRES_ROUTE_MAPPING,REQUIRES_VERIFICATION,REQUIRES_VERIFICATION
GET,/sessions,router,modules/analytics/routers/analytics.py,REQUIRES_ROUTE_MAPPING,REQUIRES_VERIFICATION,REQUIRES_VERIFICATION
GET,/rooms,router,modules/analytics/routers/analytics.py,REQUIRES_ROUTE_MAPPING,REQUIRES_VERIFICATION,REQUIRES_VERIFICATION
GET,/activity,router,modules/analytics/routers/analytics.py,REQUIRES_ROUTE_MAPPING,REQUIRES_VERIFICATION,REQUIRES_VERIFICATION
GET,/approval-times,router,modules/analytics/routers/analytics.py,REQUIRES_ROUTE_MAPPING,REQUIRES_VERIFICATION,REQUIRES_VERIFICATION
GET,/formats,router,modules/analytics/routers/analytics.py,REQUIRES_ROUTE_MAPPING,REQUIRES_VERIFICATION,REQUIRES_VERIFICATION
GET,/rooms/breakdown,router,modules/analytics/routers/analytics.py,REQUIRES_ROUTE_MAPPING,REQUIRES_VERIFICATION,REQUIRES_VERIFICATION
POST,/exports,router,modules/analytics/routers/analytics.py,REQUIRES_ROUTE_MAPPING,REQUIRES_VERIFICATION,REQUIRES_VERIFICATION
GET,/exports/{export_id},router,modules/analytics/routers/analytics.py,REQUIRES_ROUTE_MAPPING,REQUIRES_VERIFICATION,REQUIRES_VERIFICATION
GET,/exports/{export_id}/download,router,modules/analytics/routers/analytics.py,REQUIRES_ROUTE_MAPPING,REQUIRES_VERIFICATION,REQUIRES_VERIFICATION
GET,/export,router,modules/analytics/routers/analytics.py,REQUIRES_ROUTE_MAPPING,REQUIRES_VERIFICATION,REQUIRES_VERIFICATION
GET,/summary,global_router,modules/analytics/routers/analytics.py,REQUIRES_ROUTE_MAPPING,REQUIRES_VERIFICATION,REQUIRES_VERIFICATION
GET,/main-dashboard,router,modules/analytics/routers/analytics.py,REQUIRES_ROUTE_MAPPING,REQUIRES_VERIFICATION,REQUIRES_VERIFICATION
GET,/summary,router,modules/analytics/routers/dashboard.py,REQUIRES_ROUTE_MAPPING,REQUIRES_VERIFICATION,REQUIRES_VERIFICATION
GET,/registrations/timeline,router,modules/analytics/routers/dashboard.py,REQUIRES_ROUTE_MAPPING,REQUIRES_VERIFICATION,REQUIRES_VERIFICATION
GET,/roles-breakdown,router,modules/analytics/routers/dashboard.py,REQUIRES_ROUTE_MAPPING,REQUIRES_VERIFICATION,REQUIRES_VERIFICATION
GET,/pending-actions,router,modules/analytics/routers/dashboard.py,REQUIRES_ROUTE_MAPPING,REQUIRES_VERIFICATION,REQUIRES_VERIFICATION
GET,/recent-activity,router,modules/analytics/routers/dashboard.py,REQUIRES_ROUTE_MAPPING,REQUIRES_VERIFICATION,REQUIRES_VERIFICATION
GET,/deadlines,router,modules/analytics/routers/dashboard.py,REQUIRES_ROUTE_MAPPING,REQUIRES_VERIFICATION,REQUIRES_VERIFICATION
GET,/superadmin/overview,router,modules/analytics/routers/dashboard.py,REQUIRES_ROUTE_MAPPING,REQUIRES_VERIFICATION,REQUIRES_VERIFICATION
GET,/superadmin/mrr-history,router,modules/analytics/routers/dashboard.py,REQUIRES_ROUTE_MAPPING,REQUIRES_VERIFICATION,REQUIRES_VERIFICATION
GET,/superadmin/activity-feed,router,modules/analytics/routers/dashboard.py,REQUIRES_ROUTE_MAPPING,REQUIRES_VERIFICATION,REQUIRES_VERIFICATION
GET,/worker-logs,router,modules/audit/routers/audit.py,REQUIRES_ROUTE_MAPPING,REQUIRES_VERIFICATION,REQUIRES_VERIFICATION
GET,/security-logs,router,modules/audit/routers/audit.py,REQUIRES_ROUTE_MAPPING,REQUIRES_VERIFICATION,REQUIRES_VERIFICATION
GET,/system-changes,router,modules/audit/routers/audit.py,REQUIRES_ROUTE_MAPPING,REQUIRES_VERIFICATION,REQUIRES_VERIFICATION
GET,/my-activity,router,modules/audit/routers/audit.py,REQUIRES_ROUTE_MAPPING,REQUIRES_VERIFICATION,REQUIRES_VERIFICATION
POST,/events/{event_id}/activate,router,modules/billing/routers/activations.py,REQUIRES_ROUTE_MAPPING,REQUIRES_VERIFICATION,REQUIRES_VERIFICATION
GET,/events/{event_id}/activation,router,modules/billing/routers/activations.py,REQUIRES_ROUTE_MAPPING,REQUIRES_VERIFICATION,REQUIRES_VERIFICATION
GET,/organizations/{org_id}/activations,router,modules/billing/routers/activations.py,REQUIRES_ROUTE_MAPPING,REQUIRES_VERIFICATION,REQUIRES_VERIFICATION
POST,/events/{event_id}/deactivate,router,modules/billing/routers/activations.py,REQUIRES_ROUTE_MAPPING,REQUIRES_VERIFICATION,REQUIRES_VERIFICATION
POST,/events/{event_id}/transfer,router,modules/billing/routers/activations.py,REQUIRES_ROUTE_MAPPING,REQUIRES_VERIFICATION,REQUIRES_VERIFICATION
GET,/events/{event_id}/entitlements,router,modules/billing/routers/activations.py,REQUIRES_ROUTE_MAPPING,REQUIRES_VERIFICATION,REQUIRES_VERIFICATION
GET,/events/{event_id}/usage,router,modules/billing/routers/activations.py,REQUIRES_ROUTE_MAPPING,REQUIRES_VERIFICATION,REQUIRES_VERIFICATION
GET,/subscriptions,router,modules/billing/routers/activations.py,REQUIRES_ROUTE_MAPPING,REQUIRES_VERIFICATION,REQUIRES_VERIFICATION
GET,/grants,router,modules/billing/routers/activations.py,REQUIRES_ROUTE_MAPPING,REQUIRES_VERIFICATION,REQUIRES_VERIFICATION
GET,/grants/{grant_id}/consumptions,router,modules/billing/routers/activations.py,REQUIRES_ROUTE_MAPPING,REQUIRES_VERIFICATION,REQUIRES_VERIFICATION
GET,/usage,router,modules/billing/routers/billing.py,REQUIRES_ROUTE_MAPPING,REQUIRES_VERIFICATION,REQUIRES_VERIFICATION
GET,/plan,router,modules/billing/routers/billing.py,REQUIRES_ROUTE_MAPPING,REQUIRES_VERIFICATION,REQUIRES_VERIFICATION
GET,/superadmin/commercial/plans,router,modules/billing/routers/billing.py,REQUIRES_ROUTE_MAPPING,REQUIRES_VERIFICATION,REQUIRES_VERIFICATION
GET,/superadmin/commercial/subscriptions,router,modules/billing/routers/billing.py,REQUIRES_ROUTE_MAPPING,REQUIRES_VERIFICATION,REQUIRES_VERIFICATION
GET,/superadmin/commercial/subscriptions/expiring-trials,router,modules/billing/routers/billing.py,REQUIRES_ROUTE_MAPPING,REQUIRES_VERIFICATION,REQUIRES_VERIFICATION
GET,/superadmin/commercial/invoices,router,modules/billing/routers/billing.py,REQUIRES_ROUTE_MAPPING,REQUIRES_VERIFICATION,REQUIRES_VERIFICATION
GET,/superadmin/commercial/revenue/summary,router,modules/billing/routers/billing.py,REQUIRES_ROUTE_MAPPING,REQUIRES_VERIFICATION,REQUIRES_VERIFICATION
GET,/superadmin/commercial/revenue/mrr-history,router,modules/billing/routers/billing.py,REQUIRES_ROUTE_MAPPING,REQUIRES_VERIFICATION,REQUIRES_VERIFICATION
GET,/superadmin/commercial/revenue/by-plan,router,modules/billing/routers/billing.py,REQUIRES_ROUTE_MAPPING,REQUIRES_VERIFICATION,REQUIRES_VERIFICATION
GET,/,router,modules/blueprints/router.py,REQUIRES_ROUTE_MAPPING,REQUIRES_VERIFICATION,REQUIRES_VERIFICATION
POST,/,router,modules/blueprints/router.py,REQUIRES_ROUTE_MAPPING,REQUIRES_VERIFICATION,REQUIRES_VERIFICATION
POST,/{id}/install,router,modules/blueprints/router.py,REQUIRES_ROUTE_MAPPING,REQUIRES_VERIFICATION,REQUIRES_VERIFICATION
POST,/categories,router,modules/commercial/router.py,REQUIRES_ROUTE_MAPPING,REQUIRES_VERIFICATION,REQUIRES_VERIFICATION
POST,/services,router,modules/commercial/router.py,REQUIRES_ROUTE_MAPPING,REQUIRES_VERIFICATION,REQUIRES_VERIFICATION
GET,/services,router,modules/commercial/router.py,REQUIRES_ROUTE_MAPPING,REQUIRES_VERIFICATION,REQUIRES_VERIFICATION
POST,/services/{id}/clone,router,modules/commercial/router.py,REQUIRES_ROUTE_MAPPING,REQUIRES_VERIFICATION,REQUIRES_VERIFICATION
DELETE,/services/{id},router,modules/commercial/router.py,REQUIRES_ROUTE_MAPPING,REQUIRES_VERIFICATION,REQUIRES_VERIFICATION
POST,/packages,router,modules/commercial/router.py,REQUIRES_ROUTE_MAPPING,REQUIRES_VERIFICATION,REQUIRES_VERIFICATION
GET,/packages,router,modules/commercial/router.py,REQUIRES_ROUTE_MAPPING,REQUIRES_VERIFICATION,REQUIRES_VERIFICATION
GET,/superadmin/catalog/staff,router,modules/commercial/router.py,REQUIRES_ROUTE_MAPPING,REQUIRES_VERIFICATION,REQUIRES_VERIFICATION
POST,/superadmin/catalog/staff,router,modules/commercial/router.py,REQUIRES_ROUTE_MAPPING,REQUIRES_VERIFICATION,REQUIRES_VERIFICATION
PATCH,/superadmin/catalog/staff/{role_id},router,modules/commercial/router.py,REQUIRES_ROUTE_MAPPING,REQUIRES_VERIFICATION,REQUIRES_VERIFICATION
POST,/superadmin/catalog/staff/import,router,modules/commercial/router.py,REQUIRES_ROUTE_MAPPING,REQUIRES_VERIFICATION,REQUIRES_VERIFICATION
POST,/,router,modules/deployment_management/router.py,REQUIRES_ROUTE_MAPPING,REQUIRES_VERIFICATION,REQUIRES_VERIFICATION
GET,/,router,modules/deployment_management/router.py,REQUIRES_ROUTE_MAPPING,REQUIRES_VERIFICATION,REQUIRES_VERIFICATION
GET,/{id},router,modules/deployment_management/router.py,REQUIRES_ROUTE_MAPPING,REQUIRES_VERIFICATION,REQUIRES_VERIFICATION
POST,/{id}/complete,router,modules/deployment_management/router.py,REQUIRES_ROUTE_MAPPING,REQUIRES_VERIFICATION,REQUIRES_VERIFICATION
GET,/{id}/checklists,router,modules/deployment_management/router.py,REQUIRES_ROUTE_MAPPING,REQUIRES_VERIFICATION,REQUIRES_VERIFICATION
PATCH,/checklists/{checklist_id},router,modules/deployment_management/router.py,REQUIRES_ROUTE_MAPPING,REQUIRES_VERIFICATION,REQUIRES_VERIFICATION
GET,/projects/{project_id}/readiness,router,modules/deployment_management/router.py,REQUIRES_ROUTE_MAPPING,REQUIRES_VERIFICATION,REQUIRES_VERIFICATION
POST,/projects/{project_id}/risks,router,modules/deployment_management/router.py,REQUIRES_ROUTE_MAPPING,REQUIRES_VERIFICATION,REQUIRES_VERIFICATION
GET,/projects/{project_id}/risks,router,modules/deployment_management/router.py,REQUIRES_ROUTE_MAPPING,REQUIRES_VERIFICATION,REQUIRES_VERIFICATION
PATCH,/risks/{risk_id},router,modules/deployment_management/router.py,REQUIRES_ROUTE_MAPPING,REQUIRES_VERIFICATION,REQUIRES_VERIFICATION
GET,/service-identity,router,modules/developer/routers/developer.py,REQUIRES_ROUTE_MAPPING,REQUIRES_VERIFICATION,REQUIRES_VERIFICATION
POST,/api-keys,router,modules/developer/routers/developer.py,REQUIRES_ROUTE_MAPPING,REQUIRES_VERIFICATION,REQUIRES_VERIFICATION
GET,/api-keys,router,modules/developer/routers/developer.py,REQUIRES_ROUTE_MAPPING,REQUIRES_VERIFICATION,REQUIRES_VERIFICATION
DELETE,/api-keys/{key_id},router,modules/developer/routers/developer.py,REQUIRES_ROUTE_MAPPING,REQUIRES_VERIFICATION,REQUIRES_VERIFICATION
POST,/oauth/clients,router,modules/developer/routers/developer.py,REQUIRES_ROUTE_MAPPING,REQUIRES_VERIFICATION,REQUIRES_VERIFICATION
GET,/oauth/clients,router,modules/developer/routers/developer.py,REQUIRES_ROUTE_MAPPING,REQUIRES_VERIFICATION,REQUIRES_VERIFICATION
DELETE,/oauth/clients/{client_id},router,modules/developer/routers/developer.py,REQUIRES_ROUTE_MAPPING,REQUIRES_VERIFICATION,REQUIRES_VERIFICATION
POST,/oauth/authorize,router,modules/developer/routers/developer.py,REQUIRES_ROUTE_MAPPING,REQUIRES_VERIFICATION,REQUIRES_VERIFICATION
POST,/oauth/token,router,modules/developer/routers/developer.py,REQUIRES_ROUTE_MAPPING,REQUIRES_VERIFICATION,REQUIRES_VERIFICATION
POST,/upload,router,modules/files/routers/files.py,REQUIRES_ROUTE_MAPPING,REQUIRES_VERIFICATION,REQUIRES_VERIFICATION
GET,/,router,modules/files/routers/files.py,REQUIRES_ROUTE_MAPPING,REQUIRES_VERIFICATION,REQUIRES_VERIFICATION
GET,/{asset_id},router,modules/files/routers/files.py,REQUIRES_ROUTE_MAPPING,REQUIRES_VERIFICATION,REQUIRES_VERIFICATION
GET,/{asset_id}/download,router,modules/files/routers/files.py,REQUIRES_ROUTE_MAPPING,REQUIRES_VERIFICATION,REQUIRES_VERIFICATION
POST,/{asset_id}/tags,router,modules/files/routers/files.py,REQUIRES_ROUTE_MAPPING,REQUIRES_VERIFICATION,REQUIRES_VERIFICATION
DELETE,/{asset_id}/tags/{tag},router,modules/files/routers/files.py,REQUIRES_ROUTE_MAPPING,REQUIRES_VERIFICATION,REQUIRES_VERIFICATION
DELETE,/{asset_id},router,modules/files/routers/files.py,REQUIRES_ROUTE_MAPPING,REQUIRES_VERIFICATION,REQUIRES_VERIFICATION
POST,/login,router,modules/identity/routers/auth.py,REQUIRES_ROUTE_MAPPING,REQUIRES_VERIFICATION,REQUIRES_VERIFICATION
POST,/refresh,router,modules/identity/routers/auth.py,REQUIRES_ROUTE_MAPPING,REQUIRES_VERIFICATION,REQUIRES_VERIFICATION
POST,/logout,router,modules/identity/routers/auth.py,REQUIRES_ROUTE_MAPPING,REQUIRES_VERIFICATION,REQUIRES_VERIFICATION
GET,/me,router,modules/identity/routers/auth.py,REQUIRES_ROUTE_MAPPING,REQUIRES_VERIFICATION,REQUIRES_VERIFICATION
POST,/change-password,router,modules/identity/routers/auth.py,REQUIRES_ROUTE_MAPPING,REQUIRES_VERIFICATION,REQUIRES_VERIFICATION
POST,/start,router,modules/identity/routers/impersonation.py,REQUIRES_ROUTE_MAPPING,REQUIRES_VERIFICATION,REQUIRES_VERIFICATION
GET,/superadmin/security/impersonation/logs,router,modules/identity/routers/impersonation.py,REQUIRES_ROUTE_MAPPING,REQUIRES_VERIFICATION,REQUIRES_VERIFICATION
DELETE,/superadmin/security/impersonation/{session_id},router,modules/identity/routers/impersonation.py,REQUIRES_ROUTE_MAPPING,REQUIRES_VERIFICATION,REQUIRES_VERIFICATION
GET,/permissions,router,modules/identity/routers/me.py,REQUIRES_ROUTE_MAPPING,REQUIRES_VERIFICATION,REQUIRES_VERIFICATION
GET,/,router,modules/identity/routers/users.py,REQUIRES_ROUTE_MAPPING,REQUIRES_VERIFICATION,REQUIRES_VERIFICATION
POST,/,router,modules/identity/routers/users.py,REQUIRES_ROUTE_MAPPING,REQUIRES_VERIFICATION,REQUIRES_VERIFICATION
GET,/me,router,modules/identity/routers/users.py,REQUIRES_ROUTE_MAPPING,REQUIRES_VERIFICATION,REQUIRES_VERIFICATION
PATCH,/me,router,modules/identity/routers/users.py,REQUIRES_ROUTE_MAPPING,REQUIRES_VERIFICATION,REQUIRES_VERIFICATION
GET,/{user_id},router,modules/identity/routers/users.py,REQUIRES_ROUTE_MAPPING,REQUIRES_VERIFICATION,REQUIRES_VERIFICATION
PATCH,/{user_id},router,modules/identity/routers/users.py,REQUIRES_ROUTE_MAPPING,REQUIRES_VERIFICATION,REQUIRES_VERIFICATION
DELETE,/{user_id},router,modules/identity/routers/users.py,REQUIRES_ROUTE_MAPPING,REQUIRES_VERIFICATION,REQUIRES_VERIFICATION
POST,/me/mfa/setup,router,modules/identity/routers/users.py,REQUIRES_ROUTE_MAPPING,REQUIRES_VERIFICATION,REQUIRES_VERIFICATION
POST,/me/mfa/confirm,router,modules/identity/routers/users.py,REQUIRES_ROUTE_MAPPING,REQUIRES_VERIFICATION,REQUIRES_VERIFICATION
DELETE,/me/mfa,router,modules/identity/routers/users.py,REQUIRES_ROUTE_MAPPING,REQUIRES_VERIFICATION,REQUIRES_VERIFICATION
POST,/me/toggle-2fa,router,modules/identity/routers/users.py,REQUIRES_ROUTE_MAPPING,REQUIRES_VERIFICATION,REQUIRES_VERIFICATION
POST,/assignments,router,modules/identity/routers/users.py,REQUIRES_ROUTE_MAPPING,REQUIRES_VERIFICATION,REQUIRES_VERIFICATION
PATCH,/assignments/{assignment_id},router,modules/identity/routers/users.py,REQUIRES_ROUTE_MAPPING,REQUIRES_VERIFICATION,REQUIRES_VERIFICATION
DELETE,/assignments/{assignment_id},router,modules/identity/routers/users.py,REQUIRES_ROUTE_MAPPING,REQUIRES_VERIFICATION,REQUIRES_VERIFICATION
POST,/categories,router,modules/inventory/router.py,REQUIRES_ROUTE_MAPPING,REQUIRES_VERIFICATION,REQUIRES_VERIFICATION
POST,/hardware,router,modules/inventory/router.py,REQUIRES_ROUTE_MAPPING,REQUIRES_VERIFICATION,REQUIRES_VERIFICATION
GET,/hardware,router,modules/inventory/router.py,REQUIRES_ROUTE_MAPPING,REQUIRES_VERIFICATION,REQUIRES_VERIFICATION
POST,/allocate,router,modules/inventory/router.py,REQUIRES_ROUTE_MAPPING,REQUIRES_VERIFICATION,REQUIRES_VERIFICATION
POST,/return,router,modules/inventory/router.py,REQUIRES_ROUTE_MAPPING,REQUIRES_VERIFICATION,REQUIRES_VERIFICATION
GET,/superadmin/catalog/hardware,router,modules/inventory/router.py,REQUIRES_ROUTE_MAPPING,REQUIRES_VERIFICATION,REQUIRES_VERIFICATION
GET,/superadmin/catalog/hardware/categories,router,modules/inventory/router.py,REQUIRES_ROUTE_MAPPING,REQUIRES_VERIFICATION,REQUIRES_VERIFICATION
POST,/superadmin/catalog/hardware,router,modules/inventory/router.py,REQUIRES_ROUTE_MAPPING,REQUIRES_VERIFICATION,REQUIRES_VERIFICATION
PATCH,/superadmin/catalog/hardware/{item_id},router,modules/inventory/router.py,REQUIRES_ROUTE_MAPPING,REQUIRES_VERIFICATION,REQUIRES_VERIFICATION
POST,/superadmin/catalog/hardware/import,router,modules/inventory/router.py,REQUIRES_ROUTE_MAPPING,REQUIRES_VERIFICATION,REQUIRES_VERIFICATION
GET,/,router,modules/marketplace/router.py,REQUIRES_ROUTE_MAPPING,REQUIRES_VERIFICATION,REQUIRES_VERIFICATION
POST,/install,router,modules/marketplace/router.py,REQUIRES_ROUTE_MAPPING,REQUIRES_VERIFICATION,REQUIRES_VERIFICATION
POST,/events/{event_id}/announcements,router,modules/notifications/routers/announcements.py,REQUIRES_ROUTE_MAPPING,REQUIRES_VERIFICATION,REQUIRES_VERIFICATION
GET,/events/{event_id}/announcements,router,modules/notifications/routers/announcements.py,REQUIRES_ROUTE_MAPPING,REQUIRES_VERIFICATION,REQUIRES_VERIFICATION
DELETE,/events/{event_id}/announcements/{announcement_id},router,modules/notifications/routers/announcements.py,REQUIRES_ROUTE_MAPPING,REQUIRES_VERIFICATION,REQUIRES_VERIFICATION
POST,/events/{event_id}/announcements/upload,router,modules/notifications/routers/announcements.py,REQUIRES_ROUTE_MAPPING,REQUIRES_VERIFICATION,REQUIRES_VERIFICATION
POST,/events/{event_id}/announcements/verify-link,router,modules/notifications/routers/announcements.py,REQUIRES_ROUTE_MAPPING,REQUIRES_VERIFICATION,REQUIRES_VERIFICATION
GET,/portal/announcements/signed-url,router,modules/notifications/routers/announcements.py,REQUIRES_ROUTE_MAPPING,REQUIRES_VERIFICATION,REQUIRES_VERIFICATION
POST,/test-template,router,modules/notifications/routers/notifications.py,REQUIRES_ROUTE_MAPPING,REQUIRES_VERIFICATION,REQUIRES_VERIFICATION
GET,/templates,router,modules/notifications/routers/notifications.py,REQUIRES_ROUTE_MAPPING,REQUIRES_VERIFICATION,REQUIRES_VERIFICATION
GET,/analytics,router,modules/notifications/routers/notifications.py,REQUIRES_ROUTE_MAPPING,REQUIRES_VERIFICATION,REQUIRES_VERIFICATION
GET,/logs,router,modules/notifications/routers/notifications.py,REQUIRES_ROUTE_MAPPING,REQUIRES_VERIFICATION,REQUIRES_VERIFICATION
GET,/logs/download,router,modules/notifications/routers/notifications.py,REQUIRES_ROUTE_MAPPING,REQUIRES_VERIFICATION,REQUIRES_VERIFICATION
GET,/track-open/{log_id},router,modules/notifications/routers/notifications.py,REQUIRES_ROUTE_MAPPING,REQUIRES_VERIFICATION,REQUIRES_VERIFICATION
POST,/templates,router,modules/notifications/routers/notifications.py,REQUIRES_ROUTE_MAPPING,REQUIRES_VERIFICATION,REQUIRES_VERIFICATION
PATCH,/templates/{template_id},router,modules/notifications/routers/notifications.py,REQUIRES_ROUTE_MAPPING,REQUIRES_VERIFICATION,REQUIRES_VERIFICATION
DELETE,/templates/{template_id},router,modules/notifications/routers/notifications.py,REQUIRES_ROUTE_MAPPING,REQUIRES_VERIFICATION,REQUIRES_VERIFICATION
GET,/campaigns,router,modules/notifications/routers/notifications.py,REQUIRES_ROUTE_MAPPING,REQUIRES_VERIFICATION,REQUIRES_VERIFICATION
POST,/campaigns,router,modules/notifications/routers/notifications.py,REQUIRES_ROUTE_MAPPING,REQUIRES_VERIFICATION,REQUIRES_VERIFICATION
POST,/campaigns/{campaign_id}/send,router,modules/notifications/routers/notifications.py,REQUIRES_ROUTE_MAPPING,REQUIRES_VERIFICATION,REQUIRES_VERIFICATION
DELETE,/campaigns/{campaign_id},router,modules/notifications/routers/notifications.py,REQUIRES_ROUTE_MAPPING,REQUIRES_VERIFICATION,REQUIRES_VERIFICATION
GET,/recipients,router,modules/notifications/routers/notifications.py,REQUIRES_ROUTE_MAPPING,REQUIRES_VERIFICATION,REQUIRES_VERIFICATION
POST,/campaigns/send-to-speakers,router,modules/notifications/routers/notifications.py,REQUIRES_ROUTE_MAPPING,REQUIRES_VERIFICATION,REQUIRES_VERIFICATION
POST,/campaigns/auto-invite,router,modules/notifications/routers/notifications.py,REQUIRES_ROUTE_MAPPING,REQUIRES_VERIFICATION,REQUIRES_VERIFICATION
POST,/campaigns/{campaign_id}/resend-failed,router,modules/notifications/routers/notifications.py,REQUIRES_ROUTE_MAPPING,REQUIRES_VERIFICATION,REQUIRES_VERIFICATION
POST,/send-single,email_router,modules/notifications/routers/notifications.py,REQUIRES_ROUTE_MAPPING,REQUIRES_VERIFICATION,REQUIRES_VERIFICATION
GET,/,router,modules/notifications/routers/webhooks.py,REQUIRES_ROUTE_MAPPING,REQUIRES_VERIFICATION,REQUIRES_VERIFICATION
POST,/,router,modules/notifications/routers/webhooks.py,REQUIRES_ROUTE_MAPPING,REQUIRES_VERIFICATION,REQUIRES_VERIFICATION
GET,/{webhook_id},router,modules/notifications/routers/webhooks.py,REQUIRES_ROUTE_MAPPING,REQUIRES_VERIFICATION,REQUIRES_VERIFICATION
PATCH,/{webhook_id},router,modules/notifications/routers/webhooks.py,REQUIRES_ROUTE_MAPPING,REQUIRES_VERIFICATION,REQUIRES_VERIFICATION
DELETE,/{webhook_id},router,modules/notifications/routers/webhooks.py,REQUIRES_ROUTE_MAPPING,REQUIRES_VERIFICATION,REQUIRES_VERIFICATION
POST,/{webhook_id}/test,router,modules/notifications/routers/webhooks.py,REQUIRES_ROUTE_MAPPING,REQUIRES_VERIFICATION,REQUIRES_VERIFICATION
POST,/projects,router,modules/operations_planning/router.py,REQUIRES_ROUTE_MAPPING,REQUIRES_VERIFICATION,REQUIRES_VERIFICATION
GET,/projects,router,modules/operations_planning/router.py,REQUIRES_ROUTE_MAPPING,REQUIRES_VERIFICATION,REQUIRES_VERIFICATION
GET,/projects/{id},router,modules/operations_planning/router.py,REQUIRES_ROUTE_MAPPING,REQUIRES_VERIFICATION,REQUIRES_VERIFICATION
PATCH,/projects/{id},router,modules/operations_planning/router.py,REQUIRES_ROUTE_MAPPING,REQUIRES_VERIFICATION,REQUIRES_VERIFICATION
POST,/projects/{id}/milestones,router,modules/operations_planning/router.py,REQUIRES_ROUTE_MAPPING,REQUIRES_VERIFICATION,REQUIRES_VERIFICATION
POST,/tasks,router,modules/operations_planning/router.py,REQUIRES_ROUTE_MAPPING,REQUIRES_VERIFICATION,REQUIRES_VERIFICATION
GET,/tasks,router,modules/operations_planning/router.py,REQUIRES_ROUTE_MAPPING,REQUIRES_VERIFICATION,REQUIRES_VERIFICATION
PATCH,/tasks/{id},router,modules/operations_planning/router.py,REQUIRES_ROUTE_MAPPING,REQUIRES_VERIFICATION,REQUIRES_VERIFICATION
GET,/,router,modules/platform/departments/router.py,REQUIRES_ROUTE_MAPPING,REQUIRES_VERIFICATION,REQUIRES_VERIFICATION
GET,/export,router,modules/platform/departments/router.py,REQUIRES_ROUTE_MAPPING,REQUIRES_VERIFICATION,REQUIRES_VERIFICATION
POST,/,router,modules/platform/departments/router.py,REQUIRES_ROUTE_MAPPING,REQUIRES_VERIFICATION,REQUIRES_VERIFICATION
GET,/{id},router,modules/platform/departments/router.py,REQUIRES_ROUTE_MAPPING,REQUIRES_VERIFICATION,REQUIRES_VERIFICATION
PATCH,/{id},router,modules/platform/departments/router.py,REQUIRES_ROUTE_MAPPING,REQUIRES_VERIFICATION,REQUIRES_VERIFICATION
DELETE,/{id},router,modules/platform/departments/router.py,REQUIRES_ROUTE_MAPPING,REQUIRES_VERIFICATION,REQUIRES_VERIFICATION
POST,/bulk-delete,router,modules/platform/departments/router.py,REQUIRES_ROUTE_MAPPING,REQUIRES_VERIFICATION,REQUIRES_VERIFICATION
GET,/{id}/members,router,modules/platform/departments/router.py,REQUIRES_ROUTE_MAPPING,REQUIRES_VERIFICATION,REQUIRES_VERIFICATION
POST,/{id}/members,router,modules/platform/departments/router.py,REQUIRES_ROUTE_MAPPING,REQUIRES_VERIFICATION,REQUIRES_VERIFICATION
DELETE,/{id}/members/{user_id},router,modules/platform/departments/router.py,REQUIRES_ROUTE_MAPPING,REQUIRES_VERIFICATION,REQUIRES_VERIFICATION
GET,/platform/permissions,router,modules/platform/permissions/router.py,REQUIRES_ROUTE_MAPPING,REQUIRES_VERIFICATION,REQUIRES_VERIFICATION
POST,/platform/permissions/seed,router,modules/platform/permissions/router.py,REQUIRES_ROUTE_MAPPING,REQUIRES_VERIFICATION,REQUIRES_VERIFICATION
GET,/platform/roles/{role_id}/permissions,router,modules/platform/permissions/router.py,REQUIRES_ROUTE_MAPPING,REQUIRES_VERIFICATION,REQUIRES_VERIFICATION
POST,/platform/roles/{role_id}/permissions/{permission_id}/toggle,router,modules/platform/permissions/router.py,REQUIRES_ROUTE_MAPPING,REQUIRES_VERIFICATION,REQUIRES_VERIFICATION
GET,/,router,modules/platform/roles/router.py,REQUIRES_ROUTE_MAPPING,REQUIRES_VERIFICATION,REQUIRES_VERIFICATION
GET,/export,router,modules/platform/roles/router.py,REQUIRES_ROUTE_MAPPING,REQUIRES_VERIFICATION,REQUIRES_VERIFICATION
POST,/,router,modules/platform/roles/router.py,REQUIRES_ROUTE_MAPPING,REQUIRES_VERIFICATION,REQUIRES_VERIFICATION
GET,/{id},router,modules/platform/roles/router.py,REQUIRES_ROUTE_MAPPING,REQUIRES_VERIFICATION,REQUIRES_VERIFICATION
PATCH,/{id},router,modules/platform/roles/router.py,REQUIRES_ROUTE_MAPPING,REQUIRES_VERIFICATION,REQUIRES_VERIFICATION
DELETE,/{id},router,modules/platform/roles/router.py,REQUIRES_ROUTE_MAPPING,REQUIRES_VERIFICATION,REQUIRES_VERIFICATION
POST,/bulk-delete,router,modules/platform/roles/router.py,REQUIRES_ROUTE_MAPPING,REQUIRES_VERIFICATION,REQUIRES_VERIFICATION
GET,/,assignments_router,modules/platform/roles/router.py,REQUIRES_ROUTE_MAPPING,REQUIRES_VERIFICATION,REQUIRES_VERIFICATION
POST,/,assignments_router,modules/platform/roles/router.py,REQUIRES_ROUTE_MAPPING,REQUIRES_VERIFICATION,REQUIRES_VERIFICATION
DELETE,/{id},assignments_router,modules/platform/roles/router.py,REQUIRES_ROUTE_MAPPING,REQUIRES_VERIFICATION,REQUIRES_VERIFICATION
POST,/bulk-delete,assignments_router,modules/platform/roles/router.py,REQUIRES_ROUTE_MAPPING,REQUIRES_VERIFICATION,REQUIRES_VERIFICATION
GET,/dashboard,router,modules/platform/router.py,REQUIRES_ROUTE_MAPPING,REQUIRES_VERIFICATION,REQUIRES_VERIFICATION
GET,/organizations,router,modules/platform/router.py,REQUIRES_ROUTE_MAPPING,REQUIRES_VERIFICATION,REQUIRES_VERIFICATION
GET,/organizations/{org_id},router,modules/platform/router.py,REQUIRES_ROUTE_MAPPING,REQUIRES_VERIFICATION,REQUIRES_VERIFICATION
GET,/organizations/{org_id}/features,router,modules/platform/router.py,REQUIRES_ROUTE_MAPPING,REQUIRES_VERIFICATION,REQUIRES_VERIFICATION
PUT,/organizations/{org_id}/features/overrides,router,modules/platform/router.py,REQUIRES_ROUTE_MAPPING,REQUIRES_VERIFICATION,REQUIRES_VERIFICATION
DELETE,/organizations/{org_id}/features/overrides/{feature_id},router,modules/platform/router.py,REQUIRES_ROUTE_MAPPING,REQUIRES_VERIFICATION,REQUIRES_VERIFICATION
GET,/organizations/{org_id}/addons,router,modules/platform/router.py,REQUIRES_ROUTE_MAPPING,REQUIRES_VERIFICATION,REQUIRES_VERIFICATION
GET,/organizations/{org_id}/usage,router,modules/platform/router.py,REQUIRES_ROUTE_MAPPING,REQUIRES_VERIFICATION,REQUIRES_VERIFICATION
GET,/organizations/{org_id}/timeline,router,modules/platform/router.py,REQUIRES_ROUTE_MAPPING,REQUIRES_VERIFICATION,REQUIRES_VERIFICATION
GET,/subscription-plans,router,modules/platform/router.py,REQUIRES_ROUTE_MAPPING,REQUIRES_VERIFICATION,REQUIRES_VERIFICATION
GET,/plans,router,modules/platform/router.py,REQUIRES_ROUTE_MAPPING,REQUIRES_VERIFICATION,REQUIRES_VERIFICATION
GET,/features/matrix,router,modules/platform/router.py,REQUIRES_ROUTE_MAPPING,REQUIRES_VERIFICATION,REQUIRES_VERIFICATION
GET,/addons,router,modules/platform/router.py,REQUIRES_ROUTE_MAPPING,REQUIRES_VERIFICATION,REQUIRES_VERIFICATION
POST,/subscription-plans,router,modules/platform/router.py,REQUIRES_ROUTE_MAPPING,REQUIRES_VERIFICATION,REQUIRES_VERIFICATION
PATCH,/subscription-plans/{plan_id},router,modules/platform/router.py,REQUIRES_ROUTE_MAPPING,REQUIRES_VERIFICATION,REQUIRES_VERIFICATION
GET,/features,router,modules/platform/router.py,REQUIRES_ROUTE_MAPPING,REQUIRES_VERIFICATION,REQUIRES_VERIFICATION
POST,/features,router,modules/platform/router.py,REQUIRES_ROUTE_MAPPING,REQUIRES_VERIFICATION,REQUIRES_VERIFICATION
PATCH,/features/{feature_id},router,modules/platform/router.py,REQUIRES_ROUTE_MAPPING,REQUIRES_VERIFICATION,REQUIRES_VERIFICATION
PATCH,/feature-categories/reorder,router,modules/platform/router.py,REQUIRES_ROUTE_MAPPING,REQUIRES_VERIFICATION,REQUIRES_VERIFICATION
PATCH,/feature-orders/reorder,router,modules/platform/router.py,REQUIRES_ROUTE_MAPPING,REQUIRES_VERIFICATION,REQUIRES_VERIFICATION
DELETE,/features/{feature_id},router,modules/platform/router.py,REQUIRES_ROUTE_MAPPING,REQUIRES_VERIFICATION,REQUIRES_VERIFICATION
GET,/subscription-plans/{plan_id}/features,router,modules/platform/router.py,REQUIRES_ROUTE_MAPPING,REQUIRES_VERIFICATION,REQUIRES_VERIFICATION
PUT,/subscription-plans/{plan_id}/features,router,modules/platform/router.py,REQUIRES_ROUTE_MAPPING,REQUIRES_VERIFICATION,REQUIRES_VERIFICATION
GET,/subscriptions,router,modules/platform/router.py,REQUIRES_ROUTE_MAPPING,REQUIRES_VERIFICATION,REQUIRES_VERIFICATION
GET,/invoices,router,modules/platform/router.py,REQUIRES_ROUTE_MAPPING,REQUIRES_VERIFICATION,REQUIRES_VERIFICATION
GET,/revenue-metrics,router,modules/platform/router.py,REQUIRES_ROUTE_MAPPING,REQUIRES_VERIFICATION,REQUIRES_VERIFICATION
GET,/global-users,router,modules/platform/router.py,REQUIRES_ROUTE_MAPPING,REQUIRES_VERIFICATION,REQUIRES_VERIFICATION
GET,/users,router,modules/platform/router.py,REQUIRES_ROUTE_MAPPING,REQUIRES_VERIFICATION,REQUIRES_VERIFICATION
DELETE,/users/{user_id}/sessions,router,modules/platform/router.py,REQUIRES_ROUTE_MAPPING,REQUIRES_VERIFICATION,REQUIRES_VERIFICATION
DELETE,/users/{user_id}/2fa,router,modules/platform/router.py,REQUIRES_ROUTE_MAPPING,REQUIRES_VERIFICATION,REQUIRES_VERIFICATION
GET,/audit,router,modules/platform/router.py,REQUIRES_ROUTE_MAPPING,REQUIRES_VERIFICATION,REQUIRES_VERIFICATION
GET,/security/events,router,modules/platform/router.py,REQUIRES_ROUTE_MAPPING,REQUIRES_VERIFICATION,REQUIRES_VERIFICATION
GET,/impersonation-logs,router,modules/platform/router.py,REQUIRES_ROUTE_MAPPING,REQUIRES_VERIFICATION,REQUIRES_VERIFICATION
PATCH,/organizations/{org_id}/status,router,modules/platform/router.py,REQUIRES_ROUTE_MAPPING,REQUIRES_VERIFICATION,REQUIRES_VERIFICATION
DELETE,/organizations/{org_id},router,modules/platform/router.py,REQUIRES_ROUTE_MAPPING,REQUIRES_VERIFICATION,REQUIRES_VERIFICATION
GET,/applications,router,modules/platform/router.py,REQUIRES_ROUTE_MAPPING,REQUIRES_VERIFICATION,REQUIRES_VERIFICATION
POST,/impersonate/{user_id},router,modules/platform/router.py,REQUIRES_ROUTE_MAPPING,REQUIRES_VERIFICATION,REQUIRES_VERIFICATION
GET,/impersonation-logs,router,modules/platform/router.py,REQUIRES_ROUTE_MAPPING,REQUIRES_VERIFICATION,REQUIRES_VERIFICATION
POST,/impersonation/{session_id}/end,router,modules/platform/router.py,REQUIRES_ROUTE_MAPPING,REQUIRES_VERIFICATION,REQUIRES_VERIFICATION
GET,/audit,router,modules/platform/router.py,REQUIRES_ROUTE_MAPPING,REQUIRES_VERIFICATION,REQUIRES_VERIFICATION
POST,/audit/export,router,modules/platform/router.py,REQUIRES_ROUTE_MAPPING,REQUIRES_VERIFICATION,REQUIRES_VERIFICATION
GET,/health,router,modules/platform/router.py,REQUIRES_ROUTE_MAPPING,REQUIRES_VERIFICATION,REQUIRES_VERIFICATION
GET,/operations/queues,router,modules/platform/router.py,REQUIRES_ROUTE_MAPPING,REQUIRES_VERIFICATION,REQUIRES_VERIFICATION
GET,/operations/database,router,modules/platform/router.py,REQUIRES_ROUTE_MAPPING,REQUIRES_VERIFICATION,REQUIRES_VERIFICATION
GET,/operations/jobs,router,modules/platform/router.py,REQUIRES_ROUTE_MAPPING,REQUIRES_VERIFICATION,REQUIRES_VERIFICATION
GET,/organizations/{org_id}/feature-overrides,router,modules/platform/router.py,REQUIRES_ROUTE_MAPPING,REQUIRES_VERIFICATION,REQUIRES_VERIFICATION
PUT,/organizations/{org_id}/feature-overrides,router,modules/platform/router.py,REQUIRES_ROUTE_MAPPING,REQUIRES_VERIFICATION,REQUIRES_VERIFICATION
GET,/subscriptions/health-summary,router,modules/platform/router.py,REQUIRES_ROUTE_MAPPING,REQUIRES_VERIFICATION,REQUIRES_VERIFICATION
PATCH,/organizations/{org_id}/subscription/plan,router,modules/platform/router.py,REQUIRES_ROUTE_MAPPING,REQUIRES_VERIFICATION,REQUIRES_VERIFICATION
DELETE,/organizations/{org_id}/subscription,router,modules/platform/router.py,REQUIRES_ROUTE_MAPPING,REQUIRES_VERIFICATION,REQUIRES_VERIFICATION
PATCH,/organizations/{org_id}/trial/extend,router,modules/platform/router.py,REQUIRES_ROUTE_MAPPING,REQUIRES_VERIFICATION,REQUIRES_VERIFICATION
POST,/organizations/{org_id}/apply-credit,router,modules/platform/router.py,REQUIRES_ROUTE_MAPPING,REQUIRES_VERIFICATION,REQUIRES_VERIFICATION
GET,/organizations/{org_id}/limits,router,modules/platform/router.py,REQUIRES_ROUTE_MAPPING,REQUIRES_VERIFICATION,REQUIRES_VERIFICATION
PUT,/organizations/{org_id}/limits,router,modules/platform/router.py,REQUIRES_ROUTE_MAPPING,REQUIRES_VERIFICATION,REQUIRES_VERIFICATION
GET,/organizations/{org_id}/domains,router,modules/platform/router.py,REQUIRES_ROUTE_MAPPING,REQUIRES_VERIFICATION,REQUIRES_VERIFICATION
POST,/organizations/{org_id}/domains,router,modules/platform/router.py,REQUIRES_ROUTE_MAPPING,REQUIRES_VERIFICATION,REQUIRES_VERIFICATION
DELETE,/organizations/{org_id}/domains/{domain_id},router,modules/platform/router.py,REQUIRES_ROUTE_MAPPING,REQUIRES_VERIFICATION,REQUIRES_VERIFICATION
POST,/organizations/{org_id}/domains/{domain_id}/verify,router,modules/platform/router.py,REQUIRES_ROUTE_MAPPING,REQUIRES_VERIFICATION,REQUIRES_VERIFICATION
GET,/organizations/{org_id}/events,router,modules/platform/router.py,REQUIRES_ROUTE_MAPPING,REQUIRES_VERIFICATION,REQUIRES_VERIFICATION
GET,/payment-events,router,modules/platform/router.py,REQUIRES_ROUTE_MAPPING,REQUIRES_VERIFICATION,REQUIRES_VERIFICATION
PATCH,/users/{user_id}/status,router,modules/platform/router.py,REQUIRES_ROUTE_MAPPING,REQUIRES_VERIFICATION,REQUIRES_VERIFICATION
PATCH,/plans/{plan_id},router,modules/platform/router.py,REQUIRES_ROUTE_MAPPING,REQUIRES_VERIFICATION,REQUIRES_VERIFICATION
PUT,/plans/{plan_id}/features,router,modules/platform/router.py,REQUIRES_ROUTE_MAPPING,REQUIRES_VERIFICATION,REQUIRES_VERIFICATION
POST,/addons,router,modules/platform/router.py,REQUIRES_ROUTE_MAPPING,REQUIRES_VERIFICATION,REQUIRES_VERIFICATION
PATCH,/addons/{addon_id},router,modules/platform/router.py,REQUIRES_ROUTE_MAPPING,REQUIRES_VERIFICATION,REQUIRES_VERIFICATION
DELETE,/addons/{addon_id},router,modules/platform/router.py,REQUIRES_ROUTE_MAPPING,REQUIRES_VERIFICATION,REQUIRES_VERIFICATION
POST,/subscriptions/bulk-extend,router,modules/platform/router.py,REQUIRES_ROUTE_MAPPING,REQUIRES_VERIFICATION,REQUIRES_VERIFICATION
POST,/subscriptions/bulk-change-plan,router,modules/platform/router.py,REQUIRES_ROUTE_MAPPING,REQUIRES_VERIFICATION,REQUIRES_VERIFICATION
POST,/subscriptions/{subscription_id}/cancel,router,modules/platform/router.py,REQUIRES_ROUTE_MAPPING,REQUIRES_VERIFICATION,REQUIRES_VERIFICATION
POST,/subscriptions/{subscription_id}/reactivate,router,modules/platform/router.py,REQUIRES_ROUTE_MAPPING,REQUIRES_VERIFICATION,REQUIRES_VERIFICATION
GET,/invoices/{invoice_id}/items,router,modules/platform/router.py,REQUIRES_ROUTE_MAPPING,REQUIRES_VERIFICATION,REQUIRES_VERIFICATION
POST,/invoices/{invoice_id}/mark-paid,router,modules/platform/router.py,REQUIRES_ROUTE_MAPPING,REQUIRES_VERIFICATION,REQUIRES_VERIFICATION
POST,/invoices/{invoice_id}/send-reminder,router,modules/platform/router.py,REQUIRES_ROUTE_MAPPING,REQUIRES_VERIFICATION,REQUIRES_VERIFICATION
POST,/invoices/{invoice_id}/void,router,modules/platform/router.py,REQUIRES_ROUTE_MAPPING,REQUIRES_VERIFICATION,REQUIRES_VERIFICATION
GET,/revenue/analytics,router,modules/platform/router.py,REQUIRES_ROUTE_MAPPING,REQUIRES_VERIFICATION,REQUIRES_VERIFICATION
GET,/financial/gateways,router,modules/platform/router.py,REQUIRES_ROUTE_MAPPING,REQUIRES_VERIFICATION,REQUIRES_VERIFICATION
GET,/financial/tax-config,router,modules/platform/router.py,REQUIRES_ROUTE_MAPPING,REQUIRES_VERIFICATION,REQUIRES_VERIFICATION
GET,/financial/transactions,router,modules/platform/router.py,REQUIRES_ROUTE_MAPPING,REQUIRES_VERIFICATION,REQUIRES_VERIFICATION
GET,/financial/audit-trail,router,modules/platform/router.py,REQUIRES_ROUTE_MAPPING,REQUIRES_VERIFICATION,REQUIRES_VERIFICATION
GET,/security/events,router,modules/platform/router.py,REQUIRES_ROUTE_MAPPING,REQUIRES_VERIFICATION,REQUIRES_VERIFICATION
GET,/impersonation-logs,router,modules/platform/router.py,REQUIRES_ROUTE_MAPPING,REQUIRES_VERIFICATION,REQUIRES_VERIFICATION
GET,/ai/dashboard,router,modules/platform/router.py,REQUIRES_ROUTE_MAPPING,REQUIRES_VERIFICATION,REQUIRES_VERIFICATION
GET,/ai/prompts,router,modules/platform/router.py,REQUIRES_ROUTE_MAPPING,REQUIRES_VERIFICATION,REQUIRES_VERIFICATION
GET,/ai/models,router,modules/platform/router.py,REQUIRES_ROUTE_MAPPING,REQUIRES_VERIFICATION,REQUIRES_VERIFICATION
GET,/health,router,modules/platform/router.py,REQUIRES_ROUTE_MAPPING,REQUIRES_VERIFICATION,REQUIRES_VERIFICATION
POST,/,router,modules/platform/support_router.py,REQUIRES_ROUTE_MAPPING,REQUIRES_VERIFICATION,REQUIRES_VERIFICATION
GET,/,router,modules/platform/support_router.py,REQUIRES_ROUTE_MAPPING,REQUIRES_VERIFICATION,REQUIRES_VERIFICATION
GET,/{ticket_id}/comments,router,modules/platform/support_router.py,REQUIRES_ROUTE_MAPPING,REQUIRES_VERIFICATION,REQUIRES_VERIFICATION
POST,/{ticket_id}/comments,router,modules/platform/support_router.py,REQUIRES_ROUTE_MAPPING,REQUIRES_VERIFICATION,REQUIRES_VERIFICATION
GET,/,router,modules/platform/teams/router.py,REQUIRES_ROUTE_MAPPING,REQUIRES_VERIFICATION,REQUIRES_VERIFICATION
GET,/export,router,modules/platform/teams/router.py,REQUIRES_ROUTE_MAPPING,REQUIRES_VERIFICATION,REQUIRES_VERIFICATION
POST,/,router,modules/platform/teams/router.py,REQUIRES_ROUTE_MAPPING,REQUIRES_VERIFICATION,REQUIRES_VERIFICATION
GET,/{id},router,modules/platform/teams/router.py,REQUIRES_ROUTE_MAPPING,REQUIRES_VERIFICATION,REQUIRES_VERIFICATION
PATCH,/{id},router,modules/platform/teams/router.py,REQUIRES_ROUTE_MAPPING,REQUIRES_VERIFICATION,REQUIRES_VERIFICATION
DELETE,/{id},router,modules/platform/teams/router.py,REQUIRES_ROUTE_MAPPING,REQUIRES_VERIFICATION,REQUIRES_VERIFICATION
POST,/bulk-delete,router,modules/platform/teams/router.py,REQUIRES_ROUTE_MAPPING,REQUIRES_VERIFICATION,REQUIRES_VERIFICATION
GET,/{id}/members,router,modules/platform/teams/router.py,REQUIRES_ROUTE_MAPPING,REQUIRES_VERIFICATION,REQUIRES_VERIFICATION
POST,/{id}/members,router,modules/platform/teams/router.py,REQUIRES_ROUTE_MAPPING,REQUIRES_VERIFICATION,REQUIRES_VERIFICATION
DELETE,/{id}/members/{user_id},router,modules/platform/teams/router.py,REQUIRES_ROUTE_MAPPING,REQUIRES_VERIFICATION,REQUIRES_VERIFICATION
GET,/superadmin/operations/infrastructure/health,router,modules/platform_health/router.py,REQUIRES_ROUTE_MAPPING,REQUIRES_VERIFICATION,REQUIRES_VERIFICATION
GET,/superadmin/operations/infrastructure/resource-usage,router,modules/platform_health/router.py,REQUIRES_ROUTE_MAPPING,REQUIRES_VERIFICATION,REQUIRES_VERIFICATION
GET,/superadmin/operations/database/stats,router,modules/platform_health/router.py,REQUIRES_ROUTE_MAPPING,REQUIRES_VERIFICATION,REQUIRES_VERIFICATION
GET,/superadmin/operations/database/slow-queries,router,modules/platform_health/router.py,REQUIRES_ROUTE_MAPPING,REQUIRES_VERIFICATION,REQUIRES_VERIFICATION
POST,/,router,modules/platform_notifications/templates/router.py,REQUIRES_ROUTE_MAPPING,REQUIRES_VERIFICATION,REQUIRES_VERIFICATION
GET,/,router,modules/platform_notifications/templates/router.py,REQUIRES_ROUTE_MAPPING,REQUIRES_VERIFICATION,REQUIRES_VERIFICATION
GET,/{template_id},router,modules/platform_notifications/templates/router.py,REQUIRES_ROUTE_MAPPING,REQUIRES_VERIFICATION,REQUIRES_VERIFICATION
PUT,/{template_id},router,modules/platform_notifications/templates/router.py,REQUIRES_ROUTE_MAPPING,REQUIRES_VERIFICATION,REQUIRES_VERIFICATION
DELETE,/{template_id},router,modules/platform_notifications/templates/router.py,REQUIRES_ROUTE_MAPPING,REQUIRES_VERIFICATION,REQUIRES_VERIFICATION
POST,/,router,modules/presentations/routers/bundles.py,REQUIRES_ROUTE_MAPPING,REQUIRES_VERIFICATION,REQUIRES_VERIFICATION
GET,/{bundle_id},router,modules/presentations/routers/bundles.py,REQUIRES_ROUTE_MAPPING,REQUIRES_VERIFICATION,REQUIRES_VERIFICATION
GET,/,router,modules/presentations/routers/bundles.py,REQUIRES_ROUTE_MAPPING,REQUIRES_VERIFICATION,REQUIRES_VERIFICATION
POST,/upload-url,router,modules/presentations/routers/files.py,REQUIRES_ROUTE_MAPPING,REQUIRES_VERIFICATION,REQUIRES_VERIFICATION
POST,/confirm-upload,router,modules/presentations/routers/files.py,REQUIRES_ROUTE_MAPPING,REQUIRES_VERIFICATION,REQUIRES_VERIFICATION
GET,/,router,modules/presentations/routers/files.py,REQUIRES_ROUTE_MAPPING,REQUIRES_VERIFICATION,REQUIRES_VERIFICATION
GET,/{file_id},router,modules/presentations/routers/files.py,REQUIRES_ROUTE_MAPPING,REQUIRES_VERIFICATION,REQUIRES_VERIFICATION
POST,/{file_id}/approve,router,modules/presentations/routers/files.py,REQUIRES_ROUTE_MAPPING,REQUIRES_VERIFICATION,REQUIRES_VERIFICATION
POST,/{file_id}/reject,router,modules/presentations/routers/files.py,REQUIRES_ROUTE_MAPPING,REQUIRES_VERIFICATION,REQUIRES_VERIFICATION
POST,/{file_id}/lock,router,modules/presentations/routers/files.py,REQUIRES_ROUTE_MAPPING,REQUIRES_VERIFICATION,REQUIRES_VERIFICATION
GET,/{file_id}/download,router,modules/presentations/routers/files.py,REQUIRES_ROUTE_MAPPING,REQUIRES_VERIFICATION,REQUIRES_VERIFICATION
GET,/categories,router,modules/presentations/routers/posters.py,REQUIRES_ROUTE_MAPPING,REQUIRES_VERIFICATION,REQUIRES_VERIFICATION
GET,/,router,modules/presentations/routers/posters.py,REQUIRES_ROUTE_MAPPING,REQUIRES_VERIFICATION,REQUIRES_VERIFICATION
POST,/,router,modules/presentations/routers/posters.py,REQUIRES_ROUTE_MAPPING,REQUIRES_VERIFICATION,REQUIRES_VERIFICATION
POST,/batch-status,router,modules/presentations/routers/posters.py,REQUIRES_ROUTE_MAPPING,REQUIRES_VERIFICATION,REQUIRES_VERIFICATION
GET,/{poster_id},router,modules/presentations/routers/posters.py,REQUIRES_ROUTE_MAPPING,REQUIRES_VERIFICATION,REQUIRES_VERIFICATION
PATCH,/{poster_id},router,modules/presentations/routers/posters.py,REQUIRES_ROUTE_MAPPING,REQUIRES_VERIFICATION,REQUIRES_VERIFICATION
DELETE,/{poster_id},router,modules/presentations/routers/posters.py,REQUIRES_ROUTE_MAPPING,REQUIRES_VERIFICATION,REQUIRES_VERIFICATION
POST,/{poster_id}/upload-url,router,modules/presentations/routers/posters.py,REQUIRES_ROUTE_MAPPING,REQUIRES_VERIFICATION,REQUIRES_VERIFICATION
GET,/{poster_id}/download,router,modules/presentations/routers/posters.py,REQUIRES_ROUTE_MAPPING,REQUIRES_VERIFICATION,REQUIRES_VERIFICATION
POST,/{poster_id}/review,router,modules/presentations/routers/posters.py,REQUIRES_ROUTE_MAPPING,REQUIRES_VERIFICATION,REQUIRES_VERIFICATION
POST,/{poster_id}/mark-under-review,router,modules/presentations/routers/posters.py,REQUIRES_ROUTE_MAPPING,REQUIRES_VERIFICATION,REQUIRES_VERIFICATION
POST,/{poster_id}/withdraw,router,modules/presentations/routers/posters.py,REQUIRES_ROUTE_MAPPING,REQUIRES_VERIFICATION,REQUIRES_VERIFICATION
POST,/{poster_id}/schedule,router,modules/presentations/routers/posters.py,REQUIRES_ROUTE_MAPPING,REQUIRES_VERIFICATION,REQUIRES_VERIFICATION
DELETE,/{poster_id}/schedule,router,modules/presentations/routers/posters.py,REQUIRES_ROUTE_MAPPING,REQUIRES_VERIFICATION,REQUIRES_VERIFICATION
GET,/screens/{screen_id},router,modules/presentations/routers/posters.py,REQUIRES_ROUTE_MAPPING,REQUIRES_VERIFICATION,REQUIRES_VERIFICATION
POST,/batch-approve,router,modules/presentations/routers/posters.py,REQUIRES_ROUTE_MAPPING,REQUIRES_VERIFICATION,REQUIRES_VERIFICATION
POST,/batch-schedule,router,modules/presentations/routers/posters.py,REQUIRES_ROUTE_MAPPING,REQUIRES_VERIFICATION,REQUIRES_VERIFICATION
POST,/batch-status,router,modules/presentations/routers/posters.py,REQUIRES_ROUTE_MAPPING,REQUIRES_VERIFICATION,REQUIRES_VERIFICATION
POST,/batch-delete,router,modules/presentations/routers/posters.py,REQUIRES_ROUTE_MAPPING,REQUIRES_VERIFICATION,REQUIRES_VERIFICATION
GET,/sessions/{session_id},router,modules/presentations/routers/queue.py,REQUIRES_ROUTE_MAPPING,REQUIRES_VERIFICATION,REQUIRES_VERIFICATION
GET,/rooms/{room_id},router,modules/presentations/routers/queue.py,REQUIRES_ROUTE_MAPPING,REQUIRES_VERIFICATION,REQUIRES_VERIFICATION
POST,/sessions/{session_id}/entries,router,modules/presentations/routers/queue.py,REQUIRES_ROUTE_MAPPING,REQUIRES_VERIFICATION,REQUIRES_VERIFICATION
PATCH,/entries/{entry_id}/status,router,modules/presentations/routers/queue.py,REQUIRES_ROUTE_MAPPING,REQUIRES_VERIFICATION,REQUIRES_VERIFICATION
POST,/sessions/{session_id}/reorder,router,modules/presentations/routers/queue.py,REQUIRES_ROUTE_MAPPING,REQUIRES_VERIFICATION,REQUIRES_VERIFICATION
POST,/sessions/{session_id}/override,router,modules/presentations/routers/queue.py,REQUIRES_ROUTE_MAPPING,REQUIRES_VERIFICATION,REQUIRES_VERIFICATION
DELETE,/entries/{entry_id},router,modules/presentations/routers/queue.py,REQUIRES_ROUTE_MAPPING,REQUIRES_VERIFICATION,REQUIRES_VERIFICATION
PUT,/local-upload,router,modules/presentations/routers/storage.py,REQUIRES_ROUTE_MAPPING,REQUIRES_VERIFICATION,REQUIRES_VERIFICATION
GET,/{bucket}/{path:path},router,modules/presentations/routers/storage.py,REQUIRES_ROUTE_MAPPING,REQUIRES_VERIFICATION,REQUIRES_VERIFICATION
POST,/calculate,router,modules/pricing/router.py,REQUIRES_ROUTE_MAPPING,REQUIRES_VERIFICATION,REQUIRES_VERIFICATION
POST,/simulate,router,modules/pricing/router.py,REQUIRES_ROUTE_MAPPING,REQUIRES_VERIFICATION,REQUIRES_VERIFICATION
GET,/simulations,router,modules/pricing/router.py,REQUIRES_ROUTE_MAPPING,REQUIRES_VERIFICATION,REQUIRES_VERIFICATION
DELETE,/simulations/{simulation_id},router,modules/pricing/router.py,REQUIRES_ROUTE_MAPPING,REQUIRES_VERIFICATION,REQUIRES_VERIFICATION
GET,/forecast,router,modules/pricing/router.py,REQUIRES_ROUTE_MAPPING,REQUIRES_VERIFICATION,REQUIRES_VERIFICATION
GET,/superadmin/catalog/pricing-rules,router,modules/pricing/router.py,REQUIRES_ROUTE_MAPPING,REQUIRES_VERIFICATION,REQUIRES_VERIFICATION
GET,/superadmin/catalog/pricing-rules/{rule_id},router,modules/pricing/router.py,REQUIRES_ROUTE_MAPPING,REQUIRES_VERIFICATION,REQUIRES_VERIFICATION
POST,/superadmin/catalog/pricing-rules,router,modules/pricing/router.py,REQUIRES_ROUTE_MAPPING,REQUIRES_VERIFICATION,REQUIRES_VERIFICATION
PATCH,/superadmin/catalog/pricing-rules/{rule_id},router,modules/pricing/router.py,REQUIRES_ROUTE_MAPPING,REQUIRES_VERIFICATION,REQUIRES_VERIFICATION
POST,/superadmin/catalog/pricing-simulator/run,router,modules/pricing/router.py,REQUIRES_ROUTE_MAPPING,REQUIRES_VERIFICATION,REQUIRES_VERIFICATION
GET,/superadmin/catalog/templates/{slug},router,modules/pricing/router.py,REQUIRES_ROUTE_MAPPING,REQUIRES_VERIFICATION,REQUIRES_VERIFICATION
GET,/superadmin/catalog/templates,router,modules/pricing/router.py,REQUIRES_ROUTE_MAPPING,REQUIRES_VERIFICATION,REQUIRES_VERIFICATION
POST,/superadmin/catalog/templates,router,modules/pricing/router.py,REQUIRES_ROUTE_MAPPING,REQUIRES_VERIFICATION,REQUIRES_VERIFICATION
PUT,/superadmin/catalog/templates/{slug},router,modules/pricing/router.py,REQUIRES_ROUTE_MAPPING,REQUIRES_VERIFICATION,REQUIRES_VERIFICATION
POST,/superadmin/catalog/templates/{slug}/duplicate,router,modules/pricing/router.py,REQUIRES_ROUTE_MAPPING,REQUIRES_VERIFICATION,REQUIRES_VERIFICATION
POST,/superadmin/catalog/templates/{slug}/default,router,modules/pricing/router.py,REQUIRES_ROUTE_MAPPING,REQUIRES_VERIFICATION,REQUIRES_VERIFICATION
DELETE,/superadmin/catalog/templates/{slug},router,modules/pricing/router.py,REQUIRES_ROUTE_MAPPING,REQUIRES_VERIFICATION,REQUIRES_VERIFICATION
POST,/,router,modules/procurement/router.py,REQUIRES_ROUTE_MAPPING,REQUIRES_VERIFICATION,REQUIRES_VERIFICATION
GET,/,router,modules/procurement/router.py,REQUIRES_ROUTE_MAPPING,REQUIRES_VERIFICATION,REQUIRES_VERIFICATION
POST,/assign,router,modules/procurement/router.py,REQUIRES_ROUTE_MAPPING,REQUIRES_VERIFICATION,REQUIRES_VERIFICATION
GET,/compare/{service_id},router,modules/procurement/router.py,REQUIRES_ROUTE_MAPPING,REQUIRES_VERIFICATION,REQUIRES_VERIFICATION
GET,/,router,modules/rbac/routers/events.py,REQUIRES_ROUTE_MAPPING,REQUIRES_VERIFICATION,REQUIRES_VERIFICATION
POST,/,router,modules/rbac/routers/events.py,REQUIRES_ROUTE_MAPPING,REQUIRES_VERIFICATION,REQUIRES_VERIFICATION
GET,/{event_id},router,modules/rbac/routers/events.py,REQUIRES_ROUTE_MAPPING,REQUIRES_VERIFICATION,REQUIRES_VERIFICATION
PATCH,/{event_id},router,modules/rbac/routers/events.py,REQUIRES_ROUTE_MAPPING,REQUIRES_VERIFICATION,REQUIRES_VERIFICATION
DELETE,/{event_id},router,modules/rbac/routers/events.py,REQUIRES_ROUTE_MAPPING,REQUIRES_VERIFICATION,REQUIRES_VERIFICATION
POST,/{event_id}/publish,router,modules/rbac/routers/events.py,REQUIRES_ROUTE_MAPPING,REQUIRES_VERIFICATION,REQUIRES_VERIFICATION
POST,/{event_id}/archive,router,modules/rbac/routers/events.py,REQUIRES_ROUTE_MAPPING,REQUIRES_VERIFICATION,REQUIRES_VERIFICATION
POST,/{event_id}/clear-data,router,modules/rbac/routers/events.py,REQUIRES_ROUTE_MAPPING,REQUIRES_VERIFICATION,REQUIRES_VERIFICATION
POST,/{event_id}/branding/upload,router,modules/rbac/routers/events.py,REQUIRES_ROUTE_MAPPING,REQUIRES_VERIFICATION,REQUIRES_VERIFICATION
POST,/{event_id}/speaker-branding/upload,router,modules/rbac/routers/events.py,REQUIRES_ROUTE_MAPPING,REQUIRES_VERIFICATION,REQUIRES_VERIFICATION
POST,/venue-images/upload-temp,router,modules/rbac/routers/events.py,REQUIRES_ROUTE_MAPPING,REQUIRES_VERIFICATION,REQUIRES_VERIFICATION
POST,/{event_id}/venue-images/upload,router,modules/rbac/routers/events.py,REQUIRES_ROUTE_MAPPING,REQUIRES_VERIFICATION,REQUIRES_VERIFICATION
GET,/,router,modules/rbac/routers/global_settings.py,REQUIRES_ROUTE_MAPPING,REQUIRES_VERIFICATION,REQUIRES_VERIFICATION
PATCH,/,router,modules/rbac/routers/global_settings.py,REQUIRES_ROUTE_MAPPING,REQUIRES_VERIFICATION,REQUIRES_VERIFICATION
GET,/auth/check-slug,router,modules/rbac/routers/organisations.py,REQUIRES_ROUTE_MAPPING,REQUIRES_VERIFICATION,REQUIRES_VERIFICATION
POST,/auth/signup,router,modules/rbac/routers/organisations.py,REQUIRES_ROUTE_MAPPING,REQUIRES_VERIFICATION,REQUIRES_VERIFICATION
POST,/auth/accept-invite,router,modules/rbac/routers/organisations.py,REQUIRES_ROUTE_MAPPING,REQUIRES_VERIFICATION,REQUIRES_VERIFICATION
GET,/organisations/me,router,modules/rbac/routers/organisations.py,REQUIRES_ROUTE_MAPPING,REQUIRES_VERIFICATION,REQUIRES_VERIFICATION
PUT,/organisations/me,router,modules/rbac/routers/organisations.py,REQUIRES_ROUTE_MAPPING,REQUIRES_VERIFICATION,REQUIRES_VERIFICATION
GET,/organisations/me/members,router,modules/rbac/routers/organisations.py,REQUIRES_ROUTE_MAPPING,REQUIRES_VERIFICATION,REQUIRES_VERIFICATION
POST,/organisations/me/members/invite,router,modules/rbac/routers/organisations.py,REQUIRES_ROUTE_MAPPING,REQUIRES_VERIFICATION,REQUIRES_VERIFICATION
PUT,/organisations/me/members/{member_id},router,modules/rbac/routers/organisations.py,REQUIRES_ROUTE_MAPPING,REQUIRES_VERIFICATION,REQUIRES_VERIFICATION
DELETE,/organisations/me/members/{member_id},router,modules/rbac/routers/organisations.py,REQUIRES_ROUTE_MAPPING,REQUIRES_VERIFICATION,REQUIRES_VERIFICATION
GET,/platform/organisations,router,modules/rbac/routers/organisations.py,REQUIRES_ROUTE_MAPPING,REQUIRES_VERIFICATION,REQUIRES_VERIFICATION
GET,/platform/organisations/{org_id},router,modules/rbac/routers/organisations.py,REQUIRES_ROUTE_MAPPING,REQUIRES_VERIFICATION,REQUIRES_VERIFICATION
PUT,/platform/organisations/{org_id},router,modules/rbac/routers/organisations.py,REQUIRES_ROUTE_MAPPING,REQUIRES_VERIFICATION,REQUIRES_VERIFICATION
POST,/platform/organisations/{org_id}/impersonate,router,modules/rbac/routers/organisations.py,REQUIRES_ROUTE_MAPPING,REQUIRES_VERIFICATION,REQUIRES_VERIFICATION
POST,/organisations/calculate-price,router,modules/rbac/routers/organisations.py,REQUIRES_ROUTE_MAPPING,REQUIRES_VERIFICATION,REQUIRES_VERIFICATION
GET,/organisations/calculate-price,router,modules/rbac/routers/organisations.py,REQUIRES_ROUTE_MAPPING,REQUIRES_VERIFICATION,REQUIRES_VERIFICATION
GET,/organisations/addons,router,modules/rbac/routers/organisations.py,REQUIRES_ROUTE_MAPPING,REQUIRES_VERIFICATION,REQUIRES_VERIFICATION
GET,/organisations/plans/{plan_id},router,modules/rbac/routers/organisations.py,REQUIRES_ROUTE_MAPPING,REQUIRES_VERIFICATION,REQUIRES_VERIFICATION
GET,/organisations/addons/{addon_id},router,modules/rbac/routers/organisations.py,REQUIRES_ROUTE_MAPPING,REQUIRES_VERIFICATION,REQUIRES_VERIFICATION
POST,/organisations/me/subscribe,router,modules/rbac/routers/organisations.py,REQUIRES_ROUTE_MAPPING,REQUIRES_VERIFICATION,REQUIRES_VERIFICATION
GET,/organisations/plans,router,modules/rbac/routers/organisations.py,REQUIRES_ROUTE_MAPPING,REQUIRES_VERIFICATION,REQUIRES_VERIFICATION
GET,/organisations/features/matrix,router,modules/rbac/routers/organisations.py,REQUIRES_ROUTE_MAPPING,REQUIRES_VERIFICATION,REQUIRES_VERIFICATION
GET,/organisations/me/billing-history,router,modules/rbac/routers/organisations.py,REQUIRES_ROUTE_MAPPING,REQUIRES_VERIFICATION,REQUIRES_VERIFICATION
GET,/superadmin/organisations,router,modules/rbac/routers/organisations.py,REQUIRES_ROUTE_MAPPING,REQUIRES_VERIFICATION,REQUIRES_VERIFICATION
GET,/superadmin/organisations/{org_id}/feature-overrides,router,modules/rbac/routers/organisations.py,REQUIRES_ROUTE_MAPPING,REQUIRES_VERIFICATION,REQUIRES_VERIFICATION
PUT,/superadmin/organisations/{org_id}/feature-overrides,router,modules/rbac/routers/organisations.py,REQUIRES_ROUTE_MAPPING,REQUIRES_VERIFICATION,REQUIRES_VERIFICATION
GET,/superadmin/organisations/{org_id}/users,router,modules/rbac/routers/organisations.py,REQUIRES_ROUTE_MAPPING,REQUIRES_VERIFICATION,REQUIRES_VERIFICATION
GET,/roles,router,modules/rbac/routers/rbac.py,REQUIRES_ROUTE_MAPPING,REQUIRES_VERIFICATION,REQUIRES_VERIFICATION
POST,/roles,router,modules/rbac/routers/rbac.py,REQUIRES_ROUTE_MAPPING,REQUIRES_VERIFICATION,REQUIRES_VERIFICATION
GET,/permissions,router,modules/rbac/routers/rbac.py,REQUIRES_ROUTE_MAPPING,REQUIRES_VERIFICATION,REQUIRES_VERIFICATION
GET,/roles/{role_id}/permissions,router,modules/rbac/routers/rbac.py,REQUIRES_ROUTE_MAPPING,REQUIRES_VERIFICATION,REQUIRES_VERIFICATION
POST,/roles/{role_id}/permissions/{permission_code}/toggle,router,modules/rbac/routers/rbac.py,REQUIRES_ROUTE_MAPPING,REQUIRES_VERIFICATION,REQUIRES_VERIFICATION
DELETE,/roles/{role_id},router,modules/rbac/routers/rbac.py,REQUIRES_ROUTE_MAPPING,REQUIRES_VERIFICATION,REQUIRES_VERIFICATION
GET,/,router,modules/rbac/routers/settings.py,REQUIRES_ROUTE_MAPPING,REQUIRES_VERIFICATION,REQUIRES_VERIFICATION
PATCH,/,router,modules/rbac/routers/settings.py,REQUIRES_ROUTE_MAPPING,REQUIRES_VERIFICATION,REQUIRES_VERIFICATION
GET,/license,router,modules/rbac/routers/settings.py,REQUIRES_ROUTE_MAPPING,REQUIRES_VERIFICATION,REQUIRES_VERIFICATION
POST,/reset-toggles,router,modules/rbac/routers/settings.py,REQUIRES_ROUTE_MAPPING,REQUIRES_VERIFICATION,REQUIRES_VERIFICATION
POST,/generate,router,modules/registration/routers/badges.py,REQUIRES_ROUTE_MAPPING,REQUIRES_VERIFICATION,REQUIRES_VERIFICATION
POST,/reprint,router,modules/registration/routers/badges.py,REQUIRES_ROUTE_MAPPING,REQUIRES_VERIFICATION,REQUIRES_VERIFICATION
POST,/{id}/regenerate-qr,router,modules/registration/routers/badges.py,REQUIRES_ROUTE_MAPPING,REQUIRES_VERIFICATION,REQUIRES_VERIFICATION
GET,/history,router,modules/registration/routers/badges.py,REQUIRES_ROUTE_MAPPING,REQUIRES_VERIFICATION,REQUIRES_VERIFICATION
POST,/{id}/print,router,modules/registration/routers/badges.py,REQUIRES_ROUTE_MAPPING,REQUIRES_VERIFICATION,REQUIRES_VERIFICATION
GET,/print-jobs,router,modules/registration/routers/badges.py,REQUIRES_ROUTE_MAPPING,REQUIRES_VERIFICATION,REQUIRES_VERIFICATION
PATCH,/print-jobs/{job_id},router,modules/registration/routers/badges.py,REQUIRES_ROUTE_MAPPING,REQUIRES_VERIFICATION,REQUIRES_VERIFICATION
GET,/,router,modules/registration/routers/badges.py,REQUIRES_ROUTE_MAPPING,REQUIRES_VERIFICATION,REQUIRES_VERIFICATION
POST,/upload,router,modules/registration/routers/import_jobs.py,REQUIRES_ROUTE_MAPPING,REQUIRES_VERIFICATION,REQUIRES_VERIFICATION
POST,/preview,router,modules/registration/routers/import_jobs.py,REQUIRES_ROUTE_MAPPING,REQUIRES_VERIFICATION,REQUIRES_VERIFICATION
GET,/,router,modules/registration/routers/import_jobs.py,REQUIRES_ROUTE_MAPPING,REQUIRES_VERIFICATION,REQUIRES_VERIFICATION
GET,/{job_id},router,modules/registration/routers/import_jobs.py,REQUIRES_ROUTE_MAPPING,REQUIRES_VERIFICATION,REQUIRES_VERIFICATION
GET,/,router,modules/registration/routers/participant_roles.py,REQUIRES_ROUTE_MAPPING,REQUIRES_VERIFICATION,REQUIRES_VERIFICATION
POST,/,router,modules/registration/routers/participant_roles.py,REQUIRES_ROUTE_MAPPING,REQUIRES_VERIFICATION,REQUIRES_VERIFICATION
PATCH,/bulk-toggle,router,modules/registration/routers/participant_roles.py,REQUIRES_ROUTE_MAPPING,REQUIRES_VERIFICATION,REQUIRES_VERIFICATION
PATCH,/{role_id},router,modules/registration/routers/participant_roles.py,REQUIRES_ROUTE_MAPPING,REQUIRES_VERIFICATION,REQUIRES_VERIFICATION
DELETE,/{role_id},router,modules/registration/routers/participant_roles.py,REQUIRES_ROUTE_MAPPING,REQUIRES_VERIFICATION,REQUIRES_VERIFICATION
GET,/,router,modules/registration/routers/participants.py,REQUIRES_ROUTE_MAPPING,REQUIRES_VERIFICATION,REQUIRES_VERIFICATION
GET,/stats,router,modules/registration/routers/participants.py,REQUIRES_ROUTE_MAPPING,REQUIRES_VERIFICATION,REQUIRES_VERIFICATION
POST,/,router,modules/registration/routers/participants.py,REQUIRES_ROUTE_MAPPING,REQUIRES_VERIFICATION,REQUIRES_VERIFICATION
POST,/bulk,router,modules/registration/routers/participants.py,REQUIRES_ROUTE_MAPPING,REQUIRES_VERIFICATION,REQUIRES_VERIFICATION
POST,/bulk-delete,router,modules/registration/routers/participants.py,REQUIRES_ROUTE_MAPPING,REQUIRES_VERIFICATION,REQUIRES_VERIFICATION
GET,/import-template,router,modules/registration/routers/participants.py,REQUIRES_ROUTE_MAPPING,REQUIRES_VERIFICATION,REQUIRES_VERIFICATION
POST,/import-excel,router,modules/registration/routers/participants.py,REQUIRES_ROUTE_MAPPING,REQUIRES_VERIFICATION,REQUIRES_VERIFICATION
POST,/import,router,modules/registration/routers/participants.py,REQUIRES_ROUTE_MAPPING,REQUIRES_VERIFICATION,REQUIRES_VERIFICATION
PATCH,/{participant_id},router,modules/registration/routers/participants.py,REQUIRES_ROUTE_MAPPING,REQUIRES_VERIFICATION,REQUIRES_VERIFICATION
DELETE,/{participant_id},router,modules/registration/routers/participants.py,REQUIRES_ROUTE_MAPPING,REQUIRES_VERIFICATION,REQUIRES_VERIFICATION
POST,/{participant_id}/checkin,router,modules/registration/routers/participants.py,REQUIRES_ROUTE_MAPPING,REQUIRES_VERIFICATION,REQUIRES_VERIFICATION
GET,/{participant_id}/checkins,router,modules/registration/routers/participants.py,REQUIRES_ROUTE_MAPPING,REQUIRES_VERIFICATION,REQUIRES_VERIFICATION
GET,/analytics-dashboard,router,modules/registration/routers/participants.py,REQUIRES_ROUTE_MAPPING,REQUIRES_VERIFICATION,REQUIRES_VERIFICATION
POST,/fetch-from-speakers,router,modules/registration/routers/participants.py,REQUIRES_ROUTE_MAPPING,REQUIRES_VERIFICATION,REQUIRES_VERIFICATION
GET,/config,router,modules/registration/routers/payments.py,REQUIRES_ROUTE_MAPPING,REQUIRES_VERIFICATION,REQUIRES_VERIFICATION
POST,/config,router,modules/registration/routers/payments.py,REQUIRES_ROUTE_MAPPING,REQUIRES_VERIFICATION,REQUIRES_VERIFICATION
GET,/promos,router,modules/registration/routers/payments.py,REQUIRES_ROUTE_MAPPING,REQUIRES_VERIFICATION,REQUIRES_VERIFICATION
POST,/promos,router,modules/registration/routers/payments.py,REQUIRES_ROUTE_MAPPING,REQUIRES_VERIFICATION,REQUIRES_VERIFICATION
PATCH,/promos/{promo_id},router,modules/registration/routers/payments.py,REQUIRES_ROUTE_MAPPING,REQUIRES_VERIFICATION,REQUIRES_VERIFICATION
DELETE,/promos/{promo_id},router,modules/registration/routers/payments.py,REQUIRES_ROUTE_MAPPING,REQUIRES_VERIFICATION,REQUIRES_VERIFICATION
GET,/transactions,router,modules/registration/routers/payments.py,REQUIRES_ROUTE_MAPPING,REQUIRES_VERIFICATION,REQUIRES_VERIFICATION
POST,/request-otp,router,modules/registration/routers/portal_auth.py,REQUIRES_ROUTE_MAPPING,REQUIRES_VERIFICATION,REQUIRES_VERIFICATION
POST,/verify-otp,router,modules/registration/routers/portal_auth.py,REQUIRES_ROUTE_MAPPING,REQUIRES_VERIFICATION,REQUIRES_VERIFICATION
POST,/resend-otp,router,modules/registration/routers/portal_auth.py,REQUIRES_ROUTE_MAPPING,REQUIRES_VERIFICATION,REQUIRES_VERIFICATION
GET,/portal/dashboard,router,modules/registration/routers/portal_dashboard.py,REQUIRES_ROUTE_MAPPING,REQUIRES_VERIFICATION,REQUIRES_VERIFICATION
PATCH,/portal/attendee/details,router,modules/registration/routers/portal_dashboard.py,REQUIRES_ROUTE_MAPPING,REQUIRES_VERIFICATION,REQUIRES_VERIFICATION
POST,/portal/attendee/request-email-update,router,modules/registration/routers/portal_dashboard.py,REQUIRES_ROUTE_MAPPING,REQUIRES_VERIFICATION,REQUIRES_VERIFICATION
POST,/portal/attendee/payment/checkout,router,modules/registration/routers/portal_dashboard.py,REQUIRES_ROUTE_MAPPING,REQUIRES_VERIFICATION,REQUIRES_VERIFICATION
GET,/,router,modules/registration/routers/print_templates.py,REQUIRES_ROUTE_MAPPING,REQUIRES_VERIFICATION,REQUIRES_VERIFICATION
POST,/,router,modules/registration/routers/print_templates.py,REQUIRES_ROUTE_MAPPING,REQUIRES_VERIFICATION,REQUIRES_VERIFICATION
GET,/{template_id},router,modules/registration/routers/print_templates.py,REQUIRES_ROUTE_MAPPING,REQUIRES_VERIFICATION,REQUIRES_VERIFICATION
PATCH,/{template_id},router,modules/registration/routers/print_templates.py,REQUIRES_ROUTE_MAPPING,REQUIRES_VERIFICATION,REQUIRES_VERIFICATION
DELETE,/{template_id},router,modules/registration/routers/print_templates.py,REQUIRES_ROUTE_MAPPING,REQUIRES_VERIFICATION,REQUIRES_VERIFICATION
POST,/register,router,modules/registration/routers/printers.py,REQUIRES_ROUTE_MAPPING,REQUIRES_VERIFICATION,REQUIRES_VERIFICATION
GET,/,router,modules/registration/routers/printers.py,REQUIRES_ROUTE_MAPPING,REQUIRES_VERIFICATION,REQUIRES_VERIFICATION
GET,/{id},router,modules/registration/routers/printers.py,REQUIRES_ROUTE_MAPPING,REQUIRES_VERIFICATION,REQUIRES_VERIFICATION
GET,/events/{event_id}/registration/form-config,router,modules/registration/routers/registration_portal.py,REQUIRES_ROUTE_MAPPING,REQUIRES_VERIFICATION,REQUIRES_VERIFICATION
POST,/events/{event_id}/registration/form-config,router,modules/registration/routers/registration_portal.py,REQUIRES_ROUTE_MAPPING,REQUIRES_VERIFICATION,REQUIRES_VERIFICATION
GET,/portal/registration/{event_id}/form,router,modules/registration/routers/registration_portal.py,REQUIRES_ROUTE_MAPPING,REQUIRES_VERIFICATION,REQUIRES_VERIFICATION
POST,/portal/registration/{event_id}/register,router,modules/registration/routers/registration_portal.py,REQUIRES_ROUTE_MAPPING,REQUIRES_VERIFICATION,REQUIRES_VERIFICATION
POST,/portal/registration/{event_id}/upload,router,modules/registration/routers/registration_portal.py,REQUIRES_ROUTE_MAPPING,REQUIRES_VERIFICATION,REQUIRES_VERIFICATION
POST,/portal/registration/{event_id}/promo/validate,router,modules/registration/routers/registration_portal.py,REQUIRES_ROUTE_MAPPING,REQUIRES_VERIFICATION,REQUIRES_VERIFICATION
POST,/portal/registration/{event_id}/payment/checkout,router,modules/registration/routers/registration_portal.py,REQUIRES_ROUTE_MAPPING,REQUIRES_VERIFICATION,REQUIRES_VERIFICATION
POST,/portal/registration/{event_id}/payment/verify,router,modules/registration/routers/registration_portal.py,REQUIRES_ROUTE_MAPPING,REQUIRES_VERIFICATION,REQUIRES_VERIFICATION
POST,/submit,router,modules/registration/routers/registrations.py,REQUIRES_ROUTE_MAPPING,REQUIRES_VERIFICATION,REQUIRES_VERIFICATION
GET,/,router,modules/registration/routers/registrations.py,REQUIRES_ROUTE_MAPPING,REQUIRES_VERIFICATION,REQUIRES_VERIFICATION
PATCH,/{id}/approve,router,modules/registration/routers/registrations.py,REQUIRES_ROUTE_MAPPING,REQUIRES_VERIFICATION,REQUIRES_VERIFICATION
PATCH,/{id}/reject,router,modules/registration/routers/registrations.py,REQUIRES_ROUTE_MAPPING,REQUIRES_VERIFICATION,REQUIRES_VERIFICATION
PATCH,/{id}/waitlist,router,modules/registration/routers/registrations.py,REQUIRES_ROUTE_MAPPING,REQUIRES_VERIFICATION,REQUIRES_VERIFICATION
PATCH,/{id}/promote,router,modules/registration/routers/registrations.py,REQUIRES_ROUTE_MAPPING,REQUIRES_VERIFICATION,REQUIRES_VERIFICATION
POST,/reset-data,router,modules/registration/routers/registrations.py,REQUIRES_ROUTE_MAPPING,REQUIRES_VERIFICATION,REQUIRES_VERIFICATION
GET,/tiers,router,modules/registration/routers/ticket_types.py,REQUIRES_ROUTE_MAPPING,REQUIRES_VERIFICATION,REQUIRES_VERIFICATION
POST,/tiers,router,modules/registration/routers/ticket_types.py,REQUIRES_ROUTE_MAPPING,REQUIRES_VERIFICATION,REQUIRES_VERIFICATION
GET,/,router,modules/registration/routers/ticket_types.py,REQUIRES_ROUTE_MAPPING,REQUIRES_VERIFICATION,REQUIRES_VERIFICATION
POST,/,router,modules/registration/routers/ticket_types.py,REQUIRES_ROUTE_MAPPING,REQUIRES_VERIFICATION,REQUIRES_VERIFICATION
POST,/plans,router,modules/resource_management/router.py,REQUIRES_ROUTE_MAPPING,REQUIRES_VERIFICATION,REQUIRES_VERIFICATION
GET,/plans,router,modules/resource_management/router.py,REQUIRES_ROUTE_MAPPING,REQUIRES_VERIFICATION,REQUIRES_VERIFICATION
POST,/staff-assignments,router,modules/resource_management/router.py,REQUIRES_ROUTE_MAPPING,REQUIRES_VERIFICATION,REQUIRES_VERIFICATION
GET,/staff-assignments,router,modules/resource_management/router.py,REQUIRES_ROUTE_MAPPING,REQUIRES_VERIFICATION,REQUIRES_VERIFICATION
POST,/equipment-assignments,router,modules/resource_management/router.py,REQUIRES_ROUTE_MAPPING,REQUIRES_VERIFICATION,REQUIRES_VERIFICATION
GET,/equipment-assignments,router,modules/resource_management/router.py,REQUIRES_ROUTE_MAPPING,REQUIRES_VERIFICATION,REQUIRES_VERIFICATION
POST,/travel-plans,router,modules/resource_management/router.py,REQUIRES_ROUTE_MAPPING,REQUIRES_VERIFICATION,REQUIRES_VERIFICATION
GET,/travel-plans,router,modules/resource_management/router.py,REQUIRES_ROUTE_MAPPING,REQUIRES_VERIFICATION,REQUIRES_VERIFICATION
PATCH,/travel-plans/{id},router,modules/resource_management/router.py,REQUIRES_ROUTE_MAPPING,REQUIRES_VERIFICATION,REQUIRES_VERIFICATION
GET,/allocations,router,modules/resource_management/router.py,REQUIRES_ROUTE_MAPPING,REQUIRES_VERIFICATION,REQUIRES_VERIFICATION
POST,/conflicts/detect,router,modules/resource_management/router.py,REQUIRES_ROUTE_MAPPING,REQUIRES_VERIFICATION,REQUIRES_VERIFICATION
GET,/,router,modules/search/routers/search.py,REQUIRES_ROUTE_MAPPING,REQUIRES_VERIFICATION,REQUIRES_VERIFICATION
POST,/reindex,router,modules/search/routers/search.py,REQUIRES_ROUTE_MAPPING,REQUIRES_VERIFICATION,REQUIRES_VERIFICATION
GET,/jobs,router,modules/search/routers/search.py,REQUIRES_ROUTE_MAPPING,REQUIRES_VERIFICATION,REQUIRES_VERIFICATION
GET,/config/{event_id},router,modules/speakers/routers/portal.py,REQUIRES_ROUTE_MAPPING,REQUIRES_VERIFICATION,REQUIRES_VERIFICATION
GET,/auth/{event_id}/{token_or_code},router,modules/speakers/routers/portal.py,REQUIRES_ROUTE_MAPPING,REQUIRES_VERIFICATION,REQUIRES_VERIFICATION
POST,/upload-url,router,modules/speakers/routers/portal.py,REQUIRES_ROUTE_MAPPING,REQUIRES_VERIFICATION,REQUIRES_VERIFICATION
POST,/confirm-upload,router,modules/speakers/routers/portal.py,REQUIRES_ROUTE_MAPPING,REQUIRES_VERIFICATION,REQUIRES_VERIFICATION
POST,/poster/{poster_id}/upload-url,router,modules/speakers/routers/portal.py,REQUIRES_ROUTE_MAPPING,REQUIRES_VERIFICATION,REQUIRES_VERIFICATION
POST,/poster/{poster_id}/confirm,router,modules/speakers/routers/portal.py,REQUIRES_ROUTE_MAPPING,REQUIRES_VERIFICATION,REQUIRES_VERIFICATION
GET,/speaker-qr/{speaker_id}/download,router,modules/speakers/routers/portal.py,REQUIRES_ROUTE_MAPPING,REQUIRES_VERIFICATION,REQUIRES_VERIFICATION
POST,/speaker/request-otp,router,modules/speakers/routers/portal.py,REQUIRES_ROUTE_MAPPING,REQUIRES_VERIFICATION,REQUIRES_VERIFICATION
POST,/speaker/verify-otp,router,modules/speakers/routers/portal.py,REQUIRES_ROUTE_MAPPING,REQUIRES_VERIFICATION,REQUIRES_VERIFICATION
GET,/profile/template,router,modules/speakers/routers/portal.py,REQUIRES_ROUTE_MAPPING,REQUIRES_VERIFICATION,REQUIRES_VERIFICATION
POST,/profile/template/upload,router,modules/speakers/routers/portal.py,REQUIRES_ROUTE_MAPPING,REQUIRES_VERIFICATION,REQUIRES_VERIFICATION
POST,/profile/cv/upload,router,modules/speakers/routers/portal.py,REQUIRES_ROUTE_MAPPING,REQUIRES_VERIFICATION,REQUIRES_VERIFICATION
POST,/profile/photo,router,modules/speakers/routers/portal.py,REQUIRES_ROUTE_MAPPING,REQUIRES_VERIFICATION,REQUIRES_VERIFICATION
PATCH,/profile,router,modules/speakers/routers/portal.py,REQUIRES_ROUTE_MAPPING,REQUIRES_VERIFICATION,REQUIRES_VERIFICATION
GET,/export,router,modules/speakers/routers/sessions.py,REQUIRES_ROUTE_MAPPING,REQUIRES_VERIFICATION,REQUIRES_VERIFICATION
GET,/,router,modules/speakers/routers/sessions.py,REQUIRES_ROUTE_MAPPING,REQUIRES_VERIFICATION,REQUIRES_VERIFICATION
POST,/,router,modules/speakers/routers/sessions.py,REQUIRES_ROUTE_MAPPING,REQUIRES_VERIFICATION,REQUIRES_VERIFICATION
GET,/{session_id},router,modules/speakers/routers/sessions.py,REQUIRES_ROUTE_MAPPING,REQUIRES_VERIFICATION,REQUIRES_VERIFICATION
PATCH,/{session_id},router,modules/speakers/routers/sessions.py,REQUIRES_ROUTE_MAPPING,REQUIRES_VERIFICATION,REQUIRES_VERIFICATION
DELETE,/{session_id},router,modules/speakers/routers/sessions.py,REQUIRES_ROUTE_MAPPING,REQUIRES_VERIFICATION,REQUIRES_VERIFICATION
POST,/{session_id}/speakers,router,modules/speakers/routers/sessions.py,REQUIRES_ROUTE_MAPPING,REQUIRES_VERIFICATION,REQUIRES_VERIFICATION
DELETE,/{session_id}/speakers/{session_speaker_id},router,modules/speakers/routers/sessions.py,REQUIRES_ROUTE_MAPPING,REQUIRES_VERIFICATION,REQUIRES_VERIFICATION
PATCH,/{session_id}/speakers/{session_speaker_id},router,modules/speakers/routers/sessions.py,REQUIRES_ROUTE_MAPPING,REQUIRES_VERIFICATION,REQUIRES_VERIFICATION
POST,/{session_id}/reorder-speakers,router,modules/speakers/routers/sessions.py,REQUIRES_ROUTE_MAPPING,REQUIRES_VERIFICATION,REQUIRES_VERIFICATION
GET,/,router,modules/speakers/routers/speaker_profiles.py,REQUIRES_ROUTE_MAPPING,REQUIRES_VERIFICATION,REQUIRES_VERIFICATION
PUT,/,router,modules/speakers/routers/speaker_profiles.py,REQUIRES_ROUTE_MAPPING,REQUIRES_VERIFICATION,REQUIRES_VERIFICATION
POST,/parse-cv,router,modules/speakers/routers/speaker_profiles.py,REQUIRES_ROUTE_MAPPING,REQUIRES_VERIFICATION,REQUIRES_VERIFICATION
GET,/template,router,modules/speakers/routers/speaker_profiles.py,REQUIRES_ROUTE_MAPPING,REQUIRES_VERIFICATION,REQUIRES_VERIFICATION
POST,/parse-template,router,modules/speakers/routers/speaker_profiles.py,REQUIRES_ROUTE_MAPPING,REQUIRES_VERIFICATION,REQUIRES_VERIFICATION
GET,/,router,modules/speakers/routers/speakers.py,REQUIRES_ROUTE_MAPPING,REQUIRES_VERIFICATION,REQUIRES_VERIFICATION
POST,/manual-register,router,modules/speakers/routers/speakers.py,REQUIRES_ROUTE_MAPPING,REQUIRES_VERIFICATION,REQUIRES_VERIFICATION
GET,/{speaker_id},router,modules/speakers/routers/speakers.py,REQUIRES_ROUTE_MAPPING,REQUIRES_VERIFICATION,REQUIRES_VERIFICATION
PATCH,/{speaker_id},router,modules/speakers/routers/speakers.py,REQUIRES_ROUTE_MAPPING,REQUIRES_VERIFICATION,REQUIRES_VERIFICATION
DELETE,/{speaker_id},router,modules/speakers/routers/speakers.py,REQUIRES_ROUTE_MAPPING,REQUIRES_VERIFICATION,REQUIRES_VERIFICATION
POST,/{speaker_id}/send-invite,router,modules/speakers/routers/speakers.py,REQUIRES_ROUTE_MAPPING,REQUIRES_VERIFICATION,REQUIRES_VERIFICATION
POST,/bulk-invite,router,modules/speakers/routers/speakers.py,REQUIRES_ROUTE_MAPPING,REQUIRES_VERIFICATION,REQUIRES_VERIFICATION
POST,/{speaker_id}/regenerate-qr,router,modules/speakers/routers/speakers.py,REQUIRES_ROUTE_MAPPING,REQUIRES_VERIFICATION,REQUIRES_VERIFICATION
GET,/{speaker_id}/sessions,router,modules/speakers/routers/speakers.py,REQUIRES_ROUTE_MAPPING,REQUIRES_VERIFICATION,REQUIRES_VERIFICATION
POST,/fetch-from-registration,router,modules/speakers/routers/speakers.py,REQUIRES_ROUTE_MAPPING,REQUIRES_VERIFICATION,REQUIRES_VERIFICATION
POST,/,router,modules/technology_services/router.py,REQUIRES_ROUTE_MAPPING,REQUIRES_VERIFICATION,REQUIRES_VERIFICATION
GET,/,router,modules/technology_services/router.py,REQUIRES_ROUTE_MAPPING,REQUIRES_VERIFICATION,REQUIRES_VERIFICATION
GET,/{request_id},router,modules/technology_services/router.py,REQUIRES_ROUTE_MAPPING,REQUIRES_VERIFICATION,REQUIRES_VERIFICATION
POST,/{request_id}/submit,router,modules/technology_services/router.py,REQUIRES_ROUTE_MAPPING,REQUIRES_VERIFICATION,REQUIRES_VERIFICATION
POST,/{request_id}/approve,router,modules/technology_services/router.py,REQUIRES_ROUTE_MAPPING,REQUIRES_VERIFICATION,REQUIRES_VERIFICATION
GET,/,router,modules/templates/router.py,REQUIRES_ROUTE_MAPPING,REQUIRES_VERIFICATION,REQUIRES_VERIFICATION
POST,/,router,modules/templates/router.py,REQUIRES_ROUTE_MAPPING,REQUIRES_VERIFICATION,REQUIRES_VERIFICATION
PATCH,/{id},router,modules/templates/router.py,REQUIRES_ROUTE_MAPPING,REQUIRES_VERIFICATION,REQUIRES_VERIFICATION
DELETE,/{id},router,modules/templates/router.py,REQUIRES_ROUTE_MAPPING,REQUIRES_VERIFICATION,REQUIRES_VERIFICATION
POST,/{id}/clone,router,modules/templates/router.py,REQUIRES_ROUTE_MAPPING,REQUIRES_VERIFICATION,REQUIRES_VERIFICATION
POST,/{id}/publish,router,modules/templates/router.py,REQUIRES_ROUTE_MAPPING,REQUIRES_VERIFICATION,REQUIRES_VERIFICATION
POST,/install,router,modules/templates/router.py,REQUIRES_ROUTE_MAPPING,REQUIRES_VERIFICATION,REQUIRES_VERIFICATION
GET,/,router,modules/theme_engine/router.py,REQUIRES_ROUTE_MAPPING,REQUIRES_VERIFICATION,REQUIRES_VERIFICATION
POST,/,router,modules/theme_engine/router.py,REQUIRES_ROUTE_MAPPING,REQUIRES_VERIFICATION,REQUIRES_VERIFICATION
POST,/{id}/apply,router,modules/theme_engine/router.py,REQUIRES_ROUTE_MAPPING,REQUIRES_VERIFICATION,REQUIRES_VERIFICATION
POST,/checkin,router,modules/venue/routers/attendance.py,REQUIRES_ROUTE_MAPPING,REQUIRES_VERIFICATION,REQUIRES_VERIFICATION
POST,/checkout,router,modules/venue/routers/attendance.py,REQUIRES_ROUTE_MAPPING,REQUIRES_VERIFICATION,REQUIRES_VERIFICATION
GET,/,router,modules/venue/routers/attendance.py,REQUIRES_ROUTE_MAPPING,REQUIRES_VERIFICATION,REQUIRES_VERIFICATION
GET,/metrics,router,modules/venue/routers/attendance.py,REQUIRES_ROUTE_MAPPING,REQUIRES_VERIFICATION,REQUIRES_VERIFICATION
POST,/,router,modules/venue/routers/capacity.py,REQUIRES_ROUTE_MAPPING,REQUIRES_VERIFICATION,REQUIRES_VERIFICATION
PATCH,/{id},router,modules/venue/routers/capacity.py,REQUIRES_ROUTE_MAPPING,REQUIRES_VERIFICATION,REQUIRES_VERIFICATION
GET,/status,router,modules/venue/routers/capacity.py,REQUIRES_ROUTE_MAPPING,REQUIRES_VERIFICATION,REQUIRES_VERIFICATION
POST,/promote,router,modules/venue/routers/capacity.py,REQUIRES_ROUTE_MAPPING,REQUIRES_VERIFICATION,REQUIRES_VERIFICATION
GET,/,router,modules/venue/routers/rooms.py,REQUIRES_ROUTE_MAPPING,REQUIRES_VERIFICATION,REQUIRES_VERIFICATION
POST,/,router,modules/venue/routers/rooms.py,REQUIRES_ROUTE_MAPPING,REQUIRES_VERIFICATION,REQUIRES_VERIFICATION
GET,/{room_id},router,modules/venue/routers/rooms.py,REQUIRES_ROUTE_MAPPING,REQUIRES_VERIFICATION,REQUIRES_VERIFICATION
PATCH,/{room_id},router,modules/venue/routers/rooms.py,REQUIRES_ROUTE_MAPPING,REQUIRES_VERIFICATION,REQUIRES_VERIFICATION
DELETE,/{room_id},router,modules/venue/routers/rooms.py,REQUIRES_ROUTE_MAPPING,REQUIRES_VERIFICATION,REQUIRES_VERIFICATION
GET,/,router,modules/venue/routers/rooms_devices.py,REQUIRES_ROUTE_MAPPING,REQUIRES_VERIFICATION,REQUIRES_VERIFICATION
POST,/register,router,modules/venue/routers/rooms_devices.py,REQUIRES_ROUTE_MAPPING,REQUIRES_VERIFICATION,REQUIRES_VERIFICATION
POST,/{device_id}/rotate-key,router,modules/venue/routers/rooms_devices.py,REQUIRES_ROUTE_MAPPING,REQUIRES_VERIFICATION,REQUIRES_VERIFICATION
POST,/{device_id}/revoke-key,router,modules/venue/routers/rooms_devices.py,REQUIRES_ROUTE_MAPPING,REQUIRES_VERIFICATION,REQUIRES_VERIFICATION
POST,/{device_id}/heartbeat,router,modules/venue/routers/rooms_devices.py,REQUIRES_ROUTE_MAPPING,REQUIRES_VERIFICATION,REQUIRES_VERIFICATION
DELETE,/{device_id},router,modules/venue/routers/rooms_devices.py,REQUIRES_ROUTE_MAPPING,REQUIRES_VERIFICATION,REQUIRES_VERIFICATION
GET,/stations,router,modules/venue/routers/srr.py,REQUIRES_ROUTE_MAPPING,REQUIRES_VERIFICATION,REQUIRES_VERIFICATION
POST,/stations,router,modules/venue/routers/srr.py,REQUIRES_ROUTE_MAPPING,REQUIRES_VERIFICATION,REQUIRES_VERIFICATION
PATCH,/stations/{station_id},router,modules/venue/routers/srr.py,REQUIRES_ROUTE_MAPPING,REQUIRES_VERIFICATION,REQUIRES_VERIFICATION
POST,/stations/assign,router,modules/venue/routers/srr.py,REQUIRES_ROUTE_MAPPING,REQUIRES_VERIFICATION,REQUIRES_VERIFICATION
POST,/stations/{station_id}/release,router,modules/venue/routers/srr.py,REQUIRES_ROUTE_MAPPING,REQUIRES_VERIFICATION,REQUIRES_VERIFICATION
POST,/checkin/qr,router,modules/venue/routers/srr.py,REQUIRES_ROUTE_MAPPING,REQUIRES_VERIFICATION,REQUIRES_VERIFICATION
GET,/checkins,router,modules/venue/routers/srr.py,REQUIRES_ROUTE_MAPPING,REQUIRES_VERIFICATION,REQUIRES_VERIFICATION
GET,/events/{event_id}/queue,router,modules/venue/routers/sync.py,REQUIRES_ROUTE_MAPPING,REQUIRES_VERIFICATION,REQUIRES_VERIFICATION
POST,/events/{event_id}/push,router,modules/venue/routers/sync.py,REQUIRES_ROUTE_MAPPING,REQUIRES_VERIFICATION,REQUIRES_VERIFICATION
GET,/sites,router,modules/website_builder/router.py,REQUIRES_ROUTE_MAPPING,REQUIRES_VERIFICATION,REQUIRES_VERIFICATION
POST,/sites,router,modules/website_builder/router.py,REQUIRES_ROUTE_MAPPING,REQUIRES_VERIFICATION,REQUIRES_VERIFICATION
PATCH,/sites/{id},router,modules/website_builder/router.py,REQUIRES_ROUTE_MAPPING,REQUIRES_VERIFICATION,REQUIRES_VERIFICATION
POST,/sites/{id}/publish,router,modules/website_builder/router.py,REQUIRES_ROUTE_MAPPING,REQUIRES_VERIFICATION,REQUIRES_VERIFICATION
POST,/pages,router,modules/website_builder/router.py,REQUIRES_ROUTE_MAPPING,REQUIRES_VERIFICATION,REQUIRES_VERIFICATION
PATCH,/pages/{id},router,modules/website_builder/router.py,REQUIRES_ROUTE_MAPPING,REQUIRES_VERIFICATION,REQUIRES_VERIFICATION
DELETE,/pages/{id},router,modules/website_builder/router.py,REQUIRES_ROUTE_MAPPING,REQUIRES_VERIFICATION,REQUIRES_VERIFICATION
POST,/pages/{id}/draft,router,modules/website_builder/router.py,REQUIRES_ROUTE_MAPPING,REQUIRES_VERIFICATION,REQUIRES_VERIFICATION
POST,/pages/{id}/publish,router,modules/website_builder/router.py,REQUIRES_ROUTE_MAPPING,REQUIRES_VERIFICATION,REQUIRES_VERIFICATION
POST,/,router,modules/workflow/routers/workflows.py,REQUIRES_ROUTE_MAPPING,REQUIRES_VERIFICATION,REQUIRES_VERIFICATION
GET,/,router,modules/workflow/routers/workflows.py,REQUIRES_ROUTE_MAPPING,REQUIRES_VERIFICATION,REQUIRES_VERIFICATION
GET,/{workflow_id},router,modules/workflow/routers/workflows.py,REQUIRES_ROUTE_MAPPING,REQUIRES_VERIFICATION,REQUIRES_VERIFICATION
POST,/{workflow_id}/trigger,router,modules/workflow/routers/workflows.py,REQUIRES_ROUTE_MAPPING,REQUIRES_VERIFICATION,REQUIRES_VERIFICATION
GET,/instances/{instance_id},router,modules/workflow/routers/workflows.py,REQUIRES_ROUTE_MAPPING,REQUIRES_VERIFICATION,REQUIRES_VERIFICATION
POST,/tasks/{task_id}/complete,router,modules/workflow/routers/workflows.py,REQUIRES_ROUTE_MAPPING,REQUIRES_VERIFICATION,REQUIRES_VERIFICATION
