route,page_file,purpose,journey_type,current_status,implementation_phase,frontend_integrations,direct_api_references,backend_owner,database_source,permission,step_up,background_jobs,known_findings,ui_states,accessibility,responsive,tests,acceptance_owner,acceptance_evidence
/,apps/cloud/command-center/app/(auth)/page.tsx,Super Admin authentication entry,Collection/Workspace,PARTIAL,1/3,authService; useAuthStore; useEffect; useRouter; useState,/auth/login; /auth/logout,identity,identity and session ledger,public.login,REQUIRED,NONE,Real password and TOTP login; embedded credentials and fake MFA removed; HttpOnly cookie migration and enrollment/recovery remain,LOADING_ERROR_SUCCESS,AXE_AUTOMATED,RESPONSIVE_IMPLEMENTED,UNIT_AND_E2E,Engineering Owner,PENDING
/applications/feature-flags,apps/cloud/command-center/app/(dashboard)/applications/feature-flags/page.tsx,Applications Feature Flags,Collection/Workspace,MISSING_API,7,UnavailableRouteState,NONE,platform/deployments,application and release registry,applications.manage,REQUIRED,NONE_OR_DOMAIN_REVIEW,"Production-disabled; release flags, experiments, kill switches, and entitlements require separate contracts",EXPLICIT_UNAVAILABLE,SHARED_COMPONENT_VERIFIED,SHARED_COMPONENT_VERIFIED,MISSING_OR_UNVERIFIED,Engineering Owner,PENDING
/applications/registry,apps/cloud/command-center/app/(dashboard)/applications/registry/page.tsx,Applications Registry,Collection/Workspace,MISSING_API,7,UnavailableRouteState,/platform/applications,platform/deployments,application and release registry,applications.manage,POLICY_DRIVEN,NONE_OR_DOMAIN_REVIEW,"Production-disabled; persisted release, environment, ownership, health, and audit records required",EXPLICIT_UNAVAILABLE,SHARED_COMPONENT_VERIFIED,SHARED_COMPONENT_VERIFIED,INTEGRATION_TESTED,Engineering Owner,PENDING
/business/crm,apps/cloud/command-center/app/(dashboard)/business/crm/page.tsx,Business Crm,Collection/Workspace,PARTIAL,4,useAccounts; useContacts; useLeads; useOpportunities; usePipelineStages; useCrmMutation,/superadmin/crm/accounts; /superadmin/crm/contacts; /superadmin/crm/leads; /superadmin/crm/opportunities; lifecycle archive and restore,CRM,"account, contact, lead, opportunity and CRM operation records",platform.superadmin+support_scope,ARCHIVE_RESTORE,NONE,"Core CRUD and archive/restore are implemented; activities, tasks, notes, conversion, granular permissions, full browser journey, WCAG review, and forced-RLS deployment evidence remain",LOADING_ERROR_EMPTY_SUCCESS_PERMISSION_CONFLICT,REQUIRES_WCAG_REVIEW,RESPONSIVE_IMPLEMENTED,TYPECHECK_LINT_UNIT_BACKEND_LIFECYCLE_ISOLATION,Engineering Owner,PENDING
/business/dashboard,apps/cloud/command-center/app/(dashboard)/business/dashboard/page.tsx,Business Dashboard,Collection/Workspace,PARTIAL,4,useCatalogTemplates; useMemo; usePricingRules; usePricingSimulations,SERVICE_OR_HOOK_REVIEW_REQUIRED,commercial/analytics,commercial projections and records,commercial.read,POLICY_DRIVEN,NONE_OR_DOMAIN_REVIEW,Requires contract and journey verification,REQUIRES_VERIFICATION,REQUIRES_WCAG_REVIEW,REQUIRES_BREAKPOINT_REVIEW,MISSING_OR_UNVERIFIED,Engineering Owner,PENDING
/business/pricing/hardware-catalog,apps/cloud/command-center/app/(dashboard)/business/pricing/hardware-catalog/page.tsx,Pricing Hardware Catalog,Collection/Workspace,COMPLETE,4,useCreateHardwareItem; useDebounce; useDropzone; useEffect; useHardwareCatalog; useHardwareCategories; useImportHardwareExcel; useMemo; useReactTable; useState; useUpdateHardwareItem,/inventory/superadmin/catalog/hardware,pricing/commercial/procurement,catalogue and versioned pricing snapshots,pricing.manage,POLICY_DRIVEN,NONE_OR_DOMAIN_REVIEW,"Excel import, CSV export, categories, and CRUD complete; RLS-tested",VERIFIED_FRONTEND,AXE_VERIFIED,RESPONSIVE_VERIFIED,PLAYWRIGHT_AXE,Engineering Owner,VERIFIED_REPOSITORY
/business/pricing/margin-rules,apps/cloud/command-center/app/(dashboard)/business/pricing/margin-rules/page.tsx,Pricing Margin Rules,Collection/Workspace,MOCKED,4,useCreatePricingRule; useMemo; usePricingRules; useState; useUpdatePricingRule,SERVICE_OR_HOOK_REVIEW_REQUIRED,pricing/commercial/procurement,catalogue and versioned pricing snapshots,pricing.manage,POLICY_DRIVEN,NONE_OR_DOMAIN_REVIEW,placeholder,REQUIRES_VERIFICATION,REQUIRES_WCAG_REVIEW,REQUIRES_BREAKPOINT_REVIEW,MISSING_OR_UNVERIFIED,Engineering Owner,PENDING
/business/pricing/price-history,apps/cloud/command-center/app/(dashboard)/business/pricing/price-history/page.tsx,Pricing Price History,Collection/Workspace,PARTIAL,4,NONE_DETECTED,SERVICE_OR_HOOK_REVIEW_REQUIRED,pricing/commercial/procurement,catalogue and versioned pricing snapshots,pricing.manage,POLICY_DRIVEN,NONE_OR_DOMAIN_REVIEW,No explicit data-hook integration detected,REQUIRES_VERIFICATION,REQUIRES_WCAG_REVIEW,REQUIRES_BREAKPOINT_REVIEW,MISSING_OR_UNVERIFIED,Engineering Owner,PENDING
/business/pricing/pricing-simulator,apps/cloud/command-center/app/(dashboard)/business/pricing/pricing-simulator/page.tsx,Pricing Pricing Simulator,Collection/Workspace,MOCKED,4,useAddons; useBodyScrollLock; useCatalogTemplates; useEffect; useHardwareCatalog; useMemo; usePremiumTemplate; usePricingRules; usePricingSimulations; useRef; useRunPricingSimulation; useStaffCatalog,SERVICE_OR_HOOK_REVIEW_REQUIRED,pricing/commercial/procurement,catalogue and versioned pricing snapshots,pricing.manage,POLICY_DRIVEN,NONE_OR_DOMAIN_REVIEW,placeholder,REQUIRES_VERIFICATION,REQUIRES_WCAG_REVIEW,REQUIRES_BREAKPOINT_REVIEW,MISSING_OR_UNVERIFIED,Engineering Owner,PENDING
/business/pricing/saved-simulations,apps/cloud/command-center/app/(dashboard)/business/pricing/saved-simulations/page.tsx,Pricing Saved Simulations,Collection/Workspace,PARTIAL,4,useDeletePricingSimulation; useMemo; usePricingSimulations; useState,SERVICE_OR_HOOK_REVIEW_REQUIRED,pricing/commercial/procurement,catalogue and versioned pricing snapshots,pricing.manage,POLICY_DRIVEN,NONE_OR_DOMAIN_REVIEW,Requires contract and journey verification,REQUIRES_VERIFICATION,REQUIRES_WCAG_REVIEW,REQUIRES_BREAKPOINT_REVIEW,MISSING_OR_UNVERIFIED,Engineering Owner,PENDING
/business/pricing/staff-catalog,apps/cloud/command-center/app/(dashboard)/business/pricing/staff-catalog/page.tsx,Pricing Staff Catalog,Collection/Workspace,COMPLETE,4,useCreateStaffRole; useDebounce; useDropzone; useEffect; useImportStaffExcel; useMemo; useReactTable; useStaffCatalog; useState; useUpdateStaffRole,/commercial/superadmin/catalog/staff,pricing/commercial/procurement,catalogue and versioned pricing snapshots,pricing.manage,POLICY_DRIVEN,NONE_OR_DOMAIN_REVIEW,"Excel import, CSV export, and CRUD complete; RLS-tested",VERIFIED_FRONTEND,AXE_VERIFIED,RESPONSIVE_VERIFIED,PLAYWRIGHT_AXE,Engineering Owner,VERIFIED_REPOSITORY
/business/pricing/templates,apps/cloud/command-center/app/(dashboard)/business/pricing/templates/page.tsx,Pricing Templates,Collection/Workspace,COMPLETE,4,useCatalogTemplates; useMemo,/pricing/superadmin/catalog/templates,pricing/commercial/procurement,catalogue and versioned pricing snapshots,pricing.manage,POLICY_DRIVEN,NONE_OR_DOMAIN_REVIEW,"Overview, default badge, and presets library integrated; RLS-tested",VERIFIED_FRONTEND,AXE_VERIFIED,RESPONSIVE_VERIFIED,PLAYWRIGHT_AXE,Engineering Owner,VERIFIED_REPOSITORY
/business/pricing/templates/registration,apps/cloud/command-center/app/(dashboard)/business/pricing/templates/registration/page.tsx,Templates Registration,Collection/Workspace,COMPLETE,4,useBodyScrollLock; useCatalogTemplates; useCreateTemplate; useDebounce; useDeleteTemplate; useDuplicateTemplate; useHardwareCatalog; useMemo; useRef; useSetDefaultTemplate; useStaffCatalog; useState,/pricing/superadmin/catalog/templates; /pricing/superadmin/catalog/templates/{slug},pricing/commercial/procurement,catalogue and versioned pricing snapshots,pricing.manage,POLICY_DRIVEN,NONE_OR_DOMAIN_REVIEW,"Registration desk blueprints, edit/duplicate/delete/default complete; RLS-tested",VERIFIED_FRONTEND,AXE_VERIFIED,RESPONSIVE_VERIFIED,PLAYWRIGHT_AXE,Engineering Owner,VERIFIED_REPOSITORY
/business/pricing/templates/room,apps/cloud/command-center/app/(dashboard)/business/pricing/templates/room/page.tsx,Templates Room,Collection/Workspace,COMPLETE,4,useBodyScrollLock; useCatalogTemplates; useCreateTemplate; useDebounce; useDeleteTemplate; useDuplicateTemplate; useHardwareCatalog; useMemo; useRef; useSetDefaultTemplate; useStaffCatalog; useState,/pricing/superadmin/catalog/templates; /pricing/superadmin/catalog/templates/{slug},pricing/commercial/procurement,catalogue and versioned pricing snapshots,pricing.manage,POLICY_DRIVEN,NONE_OR_DOMAIN_REVIEW,"Room setups blueprints, edit/duplicate/delete/default complete; RLS-tested",VERIFIED_FRONTEND,AXE_VERIFIED,RESPONSIVE_VERIFIED,PLAYWRIGHT_AXE,Engineering Owner,VERIFIED_REPOSITORY
/business/pricing/templates/srr,apps/cloud/command-center/app/(dashboard)/business/pricing/templates/srr/page.tsx,Templates Srr,Collection/Workspace,COMPLETE,4,useBodyScrollLock; useCatalogTemplates; useCreateTemplate; useDebounce; useDeleteTemplate; useDuplicateTemplate; useHardwareCatalog; useMemo; useRef; useSetDefaultTemplate; useStaffCatalog; useState,/pricing/superadmin/catalog/templates; /pricing/superadmin/catalog/templates/{slug},pricing/commercial/procurement,catalogue and versioned pricing snapshots,pricing.manage,POLICY_DRIVEN,NONE_OR_DOMAIN_REVIEW,"SRR stations blueprints, edit/duplicate/delete/default complete; RLS-tested",VERIFIED_FRONTEND,AXE_VERIFIED,RESPONSIVE_VERIFIED,PLAYWRIGHT_AXE,Engineering Owner,VERIFIED_REPOSITORY
/business/pricing/vendor-pricing,apps/cloud/command-center/app/(dashboard)/business/pricing/vendor-pricing/page.tsx,Pricing Vendor Pricing,Collection/Workspace,PARTIAL,4,NONE_DETECTED,SERVICE_OR_HOOK_REVIEW_REQUIRED,pricing/commercial/procurement,catalogue and versioned pricing snapshots,pricing.manage,POLICY_DRIVEN,NONE_OR_DOMAIN_REVIEW,No explicit data-hook integration detected,REQUIRES_VERIFICATION,REQUIRES_WCAG_REVIEW,REQUIRES_BREAKPOINT_REVIEW,MISSING_OR_UNVERIFIED,Engineering Owner,PENDING
/business/revenue,apps/cloud/command-center/app/(dashboard)/business/revenue/page.tsx,Business Revenue,Collection/Workspace,PARTIAL,4,useRevenueAnalytics; useState,SERVICE_OR_HOOK_REVIEW_REQUIRED,commercial/analytics,commercial projections and records,commercial.read,POLICY_DRIVEN,NONE_OR_DOMAIN_REVIEW,Requires contract and journey verification,REQUIRES_VERIFICATION,REQUIRES_WCAG_REVIEW,REQUIRES_BREAKPOINT_REVIEW,MISSING_OR_UNVERIFIED,Engineering Owner,PENDING
/business/sales/proposal-generator,apps/cloud/command-center/app/(dashboard)/business/sales/proposal-generator/page.tsx,Sales Proposal Generator,Collection/Workspace,PARTIAL,4,useCatalogTemplates; useHardwareCatalog; useMemo; useStaffCatalog; useState,SERVICE_OR_HOOK_REVIEW_REQUIRED,commercial,"service request, quote and proposal records",sales.manage,POLICY_DRIVEN,NONE_OR_DOMAIN_REVIEW,Requires contract and journey verification,REQUIRES_VERIFICATION,REQUIRES_WCAG_REVIEW,REQUIRES_BREAKPOINT_REVIEW,MISSING_OR_UNVERIFIED,Engineering Owner,PENDING
/business/sales/proposals/[id]/documents,apps/cloud/command-center/app/(dashboard)/business/sales/proposals/[id]/documents/page.tsx,Proposals Documents,Detail,COMPLETE,4,useEffect; useParams; useRouter,COMPATIBILITY_REDIRECT,commercial,proposal version and durable export records,sales.manage,REQUIRED,DURABLE_JOB,Compatibility route redirects to the authorized proposal preview and document workspace,ROUTE_VERIFIED,SHARED_COMPONENT_VERIFIED,SHARED_COMPONENT_VERIFIED,BACKEND_AND_WORKER_TESTED,Engineering Owner,COMPLETE
/business/sales/proposals/[id]/edit,apps/cloud/command-center/app/(dashboard)/business/sales/proposals/[id]/edit/page.tsx,Proposals Edit,Detail,MISSING_API,4,useParams,UnavailableRouteState,commercial,immutable proposal versions,sales.manage,POLICY_DRIVEN,NONE,Production-disabled because immutable proposal versions cannot be edited in place; audited amendment workflow required,EXPLICIT_UNAVAILABLE,SHARED_COMPONENT_VERIFIED,SHARED_COMPONENT_VERIFIED,MISSING_OR_UNVERIFIED,Engineering Owner,PENDING
/business/sales/proposals/[id]/preview,apps/cloud/command-center/app/(dashboard)/business/sales/proposals/[id]/preview/page.tsx,Proposals Preview,Detail,PARTIAL,4,useCreateProposalShare; useGenerateProposalDocument; useProposalDetail; useProposalDocuments; useProposalShares; useRevokeProposalShare,REAL_TYPED_PROPOSAL_EXPORT_AND_SHARE_API,commercial,immutable proposal snapshot durable exports and proposal share ledger,sales.manage,REQUIRED,DURABLE_JOB,Snapshot preview PDF queue audited download and expiring revocable client-share lifecycle complete; regulated e-signature and amendment comparison remain,ROUTE_VERIFIED,REQUIRES_WCAG_REVIEW,REQUIRES_BREAKPOINT_REVIEW,BACKEND_AND_WORKER_TESTED,Engineering Owner,IN_PROGRESS
/business/sales/proposals/[id]/version-history,apps/cloud/command-center/app/(dashboard)/business/sales/proposals/[id]/version-history/page.tsx,Proposals Version History,Detail,PARTIAL,4,useParams; useProposalDetail; useProposalVersionHistory; useRouter; useSearchParams,REAL_TYPED_PROPOSAL_VERSION_API,commercial,append-only proposal version snapshots,sales.manage,REQUIRED,DURABLE_JOB,"Immutable source quote/version, reason, author, timestamp, and totals complete; server-derived version comparison remains",ROUTE_VERIFIED,REQUIRES_WCAG_REVIEW,REQUIRES_BREAKPOINT_REVIEW,BACKEND_TESTED,Engineering Owner,IN_PROGRESS
/business/sales/proposals/create,apps/cloud/command-center/app/(dashboard)/business/sales/proposals/create/page.tsx,Proposals Create,Collection/Workspace,MISSING_API,4,ProposalForm,UnavailableRouteState,commercial,approved quote conversion,sales.manage,POLICY_DRIVEN,NONE,Direct arbitrary proposal creation disabled; proposal version 1 must originate from the approved quote workflow,EXPLICIT_UNAVAILABLE,SHARED_COMPONENT_VERIFIED,SHARED_COMPONENT_VERIFIED,BACKEND_TESTED,Engineering Owner,PENDING
/business/sales/quotes/[id]/approval,apps/cloud/command-center/app/(dashboard)/business/sales/quotes/[id]/approval/page.tsx,Quotes Approval,Detail,PARTIAL,4,useQuoteDetail; useQuoteApproval; useSubmitQuoteApproval; useActionApprovalStep,REAL_QUOTE_APPROVAL_API,commercial,version-bound quote approval workflow and ordered decision steps,quotes.approve,REQUIRED,STEP_UP_REQUIRED,Persisted submit approve reject flow with reason idempotency optimistic concurrency permission and immutable audit; delegation export and multi-step policy editor remain future work,BACKEND_INTEGRATION_TESTED,KEYBOARD_SEMANTIC_CONTROLS,RESPONSIVE_IMPLEMENTED,TYPECHECK_AND_BACKEND_TESTS,Engineering Owner,CORE_APPROVAL_COMPLETE
/business/sales/quotes/[id]/cost-breakdown,apps/cloud/command-center/app/(dashboard)/business/sales/quotes/[id]/cost-breakdown/page.tsx,Quotes Cost Breakdown,Detail,MOCKED,4,useParams; useQuoteCostBreakdown; useRouter; useState,SERVICE_OR_HOOK_REVIEW_REQUIRED,commercial,"service request, quote and proposal records",sales.manage,POLICY_DRIVEN,NONE_OR_DOMAIN_REVIEW,mock,REQUIRES_VERIFICATION,REQUIRES_WCAG_REVIEW,REQUIRES_BREAKPOINT_REVIEW,MISSING_OR_UNVERIFIED,Engineering Owner,PENDING
/business/sales/quotes/[id]/edit,apps/cloud/command-center/app/(dashboard)/business/sales/quotes/[id]/edit/page.tsx,Quotes Edit,Detail,PARTIAL,4,useParams; useSearchParams; QuoteForm,REAL_QUOTE_API,commercial,commercial quote and immutable quote revisions,sales.manage,POLICY_DRIVEN,DRAFT_ONLY,Tenant scoped draft update uses optimistic version and required revision reason,BACKEND_INTEGRATION_TESTED,KEYBOARD_SEMANTIC_FORM,RESPONSIVE_IMPLEMENTED,TYPECHECK_AND_BACKEND_TESTS,Engineering Owner,PARTIAL_DRAFT_WORKFLOW
/business/sales/quotes/[id]/revisions,apps/cloud/command-center/app/(dashboard)/business/sales/quotes/[id]/revisions/page.tsx,Quotes Revisions,Detail,MOCKED,4,useCreateQuoteRevision; useParams; useQuoteDetail; useQuoteRevisions; useRouter; useState,SERVICE_OR_HOOK_REVIEW_REQUIRED,commercial,"service request, quote and proposal records",sales.manage,POLICY_DRIVEN,NONE_OR_DOMAIN_REVIEW,mock; placeholder,REQUIRES_VERIFICATION,REQUIRES_WCAG_REVIEW,REQUIRES_BREAKPOINT_REVIEW,MISSING_OR_UNVERIFIED,Engineering Owner,PENDING
/business/sales/quotes/create,apps/cloud/command-center/app/(dashboard)/business/sales/quotes/create/page.tsx,Quotes Create,Collection/Workspace,PARTIAL,4,QuoteForm; useCreateQuote; useCalculateQuote,REAL_QUOTE_API,commercial,quote line items discounts taxes totals idempotency and revision v1,sales.manage,POLICY_DRIVEN,DRAFT_ONLY,Server authoritative Decimal totals and idempotent tenant scoped draft creation,BACKEND_INTEGRATION_TESTED,KEYBOARD_SEMANTIC_FORM,RESPONSIVE_IMPLEMENTED,TYPECHECK_TESTS_AND_ROUTE_HTTP,Engineering Owner,PARTIAL_DRAFT_WORKFLOW
/business/sales/quotes,apps/cloud/command-center/app/(dashboard)/business/sales/quotes/page.tsx,Sales Quotes,Collection/Workspace,PARTIAL,4,useAdminOrgs; useAllQuotes,REAL_QUOTE_API,commercial,commercial quotes scoped by organization,sales.manage,POLICY_DRIVEN,DRAFT_ONLY,Real persisted quote catalogue; approval send PDF and cancellation remain separate workflows,BACKEND_INTEGRATION_TESTED,SEMANTIC_TABLE_AND_STATES,RESPONSIVE_IMPLEMENTED,TYPECHECK_AND_ROUTE_HTTP,Engineering Owner,PARTIAL_DRAFT_WORKFLOW
/business/sales/saved-quotes,apps/cloud/command-center/app/(dashboard)/business/sales/saved-quotes/page.tsx,Sales Saved Quotes,Collection/Workspace,PARTIAL,4,NONE_DETECTED,SERVICE_OR_HOOK_REVIEW_REQUIRED,commercial,"service request, quote and proposal records",sales.manage,POLICY_DRIVEN,NONE_OR_DOMAIN_REVIEW,No explicit data-hook integration detected,REQUIRES_VERIFICATION,REQUIRES_WCAG_REVIEW,REQUIRES_BREAKPOINT_REVIEW,MISSING_OR_UNVERIFIED,Engineering Owner,PENDING
/business/sales/service-requests/[id],apps/cloud/command-center/app/(dashboard)/business/sales/service-requests/[id]/page.tsx,Sales Service Requests,Detail,PARTIAL,4,useApproveServiceRequest; useMemo; useParams; useRouter; useServiceRequestActivityLogs; useServiceRequestDocuments; useServiceRequestHistory; useServiceRequestOverview; useServiceRequestQuotes; useServiceRequestRequirements; useState; useSubmitServiceRequest,SERVICE_OR_HOOK_REVIEW_REQUIRED,commercial,"service request, quote and proposal records",sales.manage,POLICY_DRIVEN,NONE_OR_DOMAIN_REVIEW,Requires contract and journey verification,REQUIRES_VERIFICATION,REQUIRES_WCAG_REVIEW,REQUIRES_BREAKPOINT_REVIEW,MISSING_OR_UNVERIFIED,Engineering Owner,PENDING
/business/sales/service-requests/[id]/requirements,apps/cloud/command-center/app/(dashboard)/business/sales/service-requests/[id]/requirements/page.tsx,Service Requests Requirements,Detail,MISSING_API,4,UnavailableRouteState,NONE,commercial,"service request, quote and proposal records",sales.manage,POLICY_DRIVEN,DURABLE_JOB_REQUIRED,"Production-disabled; event-scoped requirements, private files, export, authorization, and audit required",EXPLICIT_UNAVAILABLE,SHARED_COMPONENT_VERIFIED,SHARED_COMPONENT_VERIFIED,MISSING_OR_UNVERIFIED,Engineering Owner,PENDING
/business/sales/service-requests/[id]/resource-planning,apps/cloud/command-center/app/(dashboard)/business/sales/service-requests/[id]/resource-planning/page.tsx,Service Requests Resource Planning,Detail,PARTIAL,4,useMemo; useParams; useRecalculateServiceRequestPlanning; useRouter; useServiceRequestOverview; useServiceRequestPlanning; useState; useUpdateHardwareQuantity; useUpdateStaffQuantity,SERVICE_OR_HOOK_REVIEW_REQUIRED,commercial,"service request, quote and proposal records",sales.manage,POLICY_DRIVEN,NONE_OR_DOMAIN_REVIEW,Requires contract and journey verification,REQUIRES_VERIFICATION,REQUIRES_WCAG_REVIEW,REQUIRES_BREAKPOINT_REVIEW,MISSING_OR_UNVERIFIED,Engineering Owner,PENDING
/business/sales/service-requests,apps/cloud/command-center/app/(dashboard)/business/sales/service-requests/page.tsx,Sales Service Requests,Collection/Workspace,PARTIAL,4,useAdminOrgs; useCreateServiceRequest; useEffect; useOrgEvents; useRouter; useServiceRequestsKanban; useServiceRequestsKpi; useState,/service-requests/kpi-strip; /service-requests/kanban-columns; /service-requests,technology_services.service_requests,sales.manage,POLICY_DRIVEN,CREATE_AND_READ_PROJECTIONS,Real tenant-scoped KPI and Kanban projections with persisted card fields; detail mutations and browser journey remain under review,placeholder,ACCESSIBLE_STRUCTURE_ADDED,RESPONSIVE_IMPLEMENTED,BACKEND_INTEGRATION_ADDED,Engineering Owner,PENDING,
/business/subscription/add-ons,apps/cloud/command-center/app/(dashboard)/business/subscription/add-ons/page.tsx,Subscription Add Ons,Collection/Workspace,MOCKED,4,useAddons; useCreateAddon; useDeleteAddon; useEffect; useHardwareCatalog; useMemo; useRef; useStaffCatalog; useState; useSubscriptionPlans; useUpdateAddon,SERVICE_OR_HOOK_REVIEW_REQUIRED,billing,"subscription, grant, activation and snapshot records",billing.manage,POLICY_DRIVEN,NONE_OR_DOMAIN_REVIEW,placeholder,REQUIRES_VERIFICATION,REQUIRES_WCAG_REVIEW,REQUIRES_BREAKPOINT_REVIEW,MISSING_OR_UNVERIFIED,Engineering Owner,PENDING
/business/subscription/entitlements,apps/cloud/command-center/app/(dashboard)/business/subscription/entitlements/page.tsx,Subscription Entitlements,Collection/Workspace,COMPLETE,4,useEntitlementGrants; useOrgSubscriptions; useIssueGrant; useGrantCapacityMutation; useGrantStatusMutation; useSubscriptionStatusMutation; useDeactivateActivationMutation; useTransferActivationMutation,/superadmin/billing-admin/entitlements; /subscriptions; activation inspection; snapshot refresh; activation transfer; activation deactivation,billing,"organization subscription, entitlement grant, consumption ledger, event activation and immutable snapshot set",platform.superadmin+support_scope,REQUIRED,NONE,"Repository acceptance complete: activation-driven snapshot-first lifecycle, isolation, idempotency, transfer/deactivation and scoped browser/axe evidence pass; forced-RLS deployment remains a release-environment gate",LOADING_ERROR_EMPTY_SUCCESS_PERMISSION_CONFLICT_REVIEW_REQUIRED,AXE_VERIFIED,RESPONSIVE_VERIFIED,TYPECHECK_LINT_UNIT_BACKEND_LIFECYCLE_ISOLATION_IDEMPOTENCY_PLAYWRIGHT_AXE,Engineering Owner,VERIFIED_REPOSITORY
/business/subscription/plans,apps/cloud/command-center/app/(dashboard)/business/subscription/plans/page.tsx,Subscription Plans,Collection/Workspace,PARTIAL,4,useCreatePlan; useEffect; useFeatureMatrix; useMemo; usePlanFeatures; useState; useSubscriptionPlans; useUpdatePlan; useUpdatePlanFeatures,SERVICE_OR_HOOK_REVIEW_REQUIRED,billing,"subscription, grant, activation and snapshot records",billing.manage,POLICY_DRIVEN,NONE_OR_DOMAIN_REVIEW,Requires contract and journey verification,REQUIRES_VERIFICATION,REQUIRES_WCAG_REVIEW,REQUIRES_BREAKPOINT_REVIEW,MISSING_OR_UNVERIFIED,Engineering Owner,PENDING
/dashboard/live-activity,apps/cloud/command-center/app/(dashboard)/dashboard/live-activity/page.tsx,Dashboard Live Activity,Collection/Workspace,PARTIAL,1/3,useSecurityEvents,/platform/security/events,identity.security_events,platform.analytics.read,POLICY_DRIVEN,READ_ONLY,Canonical persisted event feed with 24h summary trend filters and pagination; automated browser journey remains required,Requires contract and journey verification,ACCESSIBLE_STRUCTURE_ADDED,RESPONSIVE_IMPLEMENTED,BACKEND_INTEGRATION_ADDED,Engineering Owner,PENDING,
/dashboard/overview,apps/cloud/command-center/app/(dashboard)/dashboard/overview/page.tsx,Dashboard Overview,Collection/Workspace,PARTIAL,1/3,useAdminDashboard; useExtendTrial; useRouter; useState,/platform/dashboard,platform organizations users events billing activity and core dependency checks,platform.analytics.read,POLICY_DRIVEN,TRIAL_EXTENSION,Real aggregate dashboard with explicit DB and Redis health boundary; some aggregate source-failure semantics and browser journey remain,placeholder,ACCESSIBLE_STRUCTURE_ADDED,RESPONSIVE_IMPLEMENTED,BACKEND_INTEGRATION_VERIFIED,Engineering Owner,PENDING,
/dashboard/platform-health,apps/cloud/command-center/app/(dashboard)/dashboard/platform-health/page.tsx,Dashboard Platform Health,Collection/Workspace,PARTIAL,1/3,useDatabaseStats; usePlatformHealth,/platform/health; /platform/operations/database,current dependency probes and PostgreSQL statistics,platform.analytics.read,POLICY_DRIVEN,READ_ONLY,Current verified and unverified snapshots only; historical metrics and Redis/WebSocket diagnostics intentionally unavailable,Requires contract and journey verification,ACCESSIBLE_STRUCTURE_ADDED,RESPONSIVE_IMPLEMENTED,BACKEND_INTEGRATION_ADDED,Engineering Owner,PENDING,
/design-system,apps/cloud/command-center/app/(dashboard)/design-system/page.tsx,Design System,Collection/Workspace,COMPLETE,1/3,useState,NONE_STATIC_STANDARD,frontend,repository design-system contract,super_admin,NONE,NONE,No open Phase 1 finding,COMPLETE,AXE_AND_KEYBOARD_PASS,320PX_TO_DESKTOP_PASS,VITEST_AND_PLAYWRIGHT_PASS,Engineering Owner,2026-07-14_PHASE1_GATE
/developer-platform/api-keys,apps/cloud/command-center/app/(dashboard)/developer-platform/api-keys/page.tsx,Developer Platform Api Keys,Collection/Workspace,PARTIAL,6,useMemo; useReactTable; useState,/api/v1/auth/login; /api/v1/developer/*; /api/v1/registrations/*; /api/v1/static/*,developer/notifications,"API client, webhook and integration records",developer.manage,REQUIRED_FOR_HIGH_RISK_MUTATIONS,NONE_OR_DOMAIN_REVIEW,Requires contract and journey verification,REQUIRES_VERIFICATION,REQUIRES_WCAG_REVIEW,REQUIRES_BREAKPOINT_REVIEW,MISSING_OR_UNVERIFIED,Engineering Owner,PENDING
/developer-platform/apis,apps/cloud/command-center/app/(dashboard)/developer-platform/apis/page.tsx,Developer Platform Apis,Collection/Workspace,MISSING_API,6,UnavailableRouteState,NONE,developer/notifications,versioned active OpenAPI contract,developer.manage,POLICY_DRIVEN,NONE_OR_DOMAIN_REVIEW,Explicitly unavailable until generated catalogue and drift contract exist,EXPLICIT_UNAVAILABLE,SHARED_COMPONENT_VERIFIED,SHARED_COMPONENT_VERIFIED,MISSING_OR_UNVERIFIED,Engineering Owner,PENDING
/developer-platform/integrations,apps/cloud/command-center/app/(dashboard)/developer-platform/integrations/page.tsx,Developer Platform Integrations,Collection/Workspace,PARTIAL,6,useState,SERVICE_OR_HOOK_REVIEW_REQUIRED,developer/notifications,"API client, webhook and integration records",developer.manage,POLICY_DRIVEN,NONE_OR_DOMAIN_REVIEW,Requires contract and journey verification,REQUIRES_VERIFICATION,REQUIRES_WCAG_REVIEW,REQUIRES_BREAKPOINT_REVIEW,MISSING_OR_UNVERIFIED,Engineering Owner,PENDING
/developer-platform/logs,apps/cloud/command-center/app/(dashboard)/developer-platform/logs/page.tsx,Developer Platform Logs,Collection/Workspace,MISSING_API,6,UnavailableRouteState,NONE,developer/notifications,immutable sanitized integration and delivery records,developer.manage,POLICY_DRIVEN,DURABLE_JOB_REQUIRED,Explicitly unavailable until redacted log retention and governed export contracts exist,EXPLICIT_UNAVAILABLE,SHARED_COMPONENT_VERIFIED,SHARED_COMPONENT_VERIFIED,MISSING_OR_UNVERIFIED,Engineering Owner,PENDING
/developer-platform/webhooks,apps/cloud/command-center/app/(dashboard)/developer-platform/webhooks/page.tsx,Developer Platform Webhooks,Collection/Workspace,PARTIAL,6,useMemo; useReactTable; useState,SERVICE_OR_HOOK_REVIEW_REQUIRED,developer/notifications,"API client, webhook and integration records",developer.manage,POLICY_DRIVEN,NONE_OR_DOMAIN_REVIEW,Requires contract and journey verification,REQUIRES_VERIFICATION,REQUIRES_WCAG_REVIEW,REQUIRES_BREAKPOINT_REVIEW,MISSING_OR_UNVERIFIED,Engineering Owner,PENDING
/finance/credit-notes,apps/cloud/command-center/app/(dashboard)/finance/credit-notes/page.tsx,Finance Credit Notes,Collection/Workspace,COMPLETE,4,useCreditNotes; useIssueCreditNote; useCreditNoteStatusMutation,/superadmin/billing-admin/credit-notes; credit-note status,billing,"credit note ledger, source invoice and applied invoice",platform.superadmin+support_scope,REQUIRED,NONE,"Versioned idempotent issue, approval, application and cancellation use tenant-owned invoice choices, reconciliation and immutable audit; shared finance browser/axe gate passes",LOADING_ERROR_EMPTY_SUCCESS_PERMISSION_CONFLICT,AXE_VERIFIED,RESPONSIVE_VERIFIED,TYPECHECK_LINT_UNIT_BACKEND_LIFECYCLE_RECONCILIATION_PLAYWRIGHT,Engineering Owner,VERIFIED_REPOSITORY
/finance/financial-audit-trail,apps/cloud/command-center/app/(dashboard)/finance/financial-audit-trail/page.tsx,Finance Financial Audit Trail,Collection/Workspace,COMPLETE,4,useFinancialAuditTrail,/superadmin/billing-admin/financial-audit-trail,billing/audit,financial audit ledger,finance.audit.read,POLICY_DRIVEN,AUDIT_EXPORT,Tenant-scoped typed cursor reads are immutable-ledger backed; authorized audit export and retention workers provide durable evidence with isolation and outage tests,LOADING_ERROR_EMPTY_SUCCESS,AXE_VERIFIED,RESPONSIVE_VERIFIED,BACKEND_CURSOR_ISOLATION_EXPORT_RETENTION_TESTED,Engineering Owner,VERIFIED_REPOSITORY
/finance/invoices,apps/cloud/command-center/app/(dashboard)/finance/invoices/page.tsx,Finance Invoices,Collection/Workspace,COMPLETE,4,useBillingInvoices; useBillingInvoiceDetail; useRecordInvoicePayment; useInvoiceStatusMutation; useCreateInvoiceArtifact; useInvoiceArtifact,/superadmin/billing-admin/invoices; invoice payments; invoice status; version-bound artifacts,billing/payments,"commercial invoice ledger, transaction reconciliation and immutable export record",platform.finance_admin+support_scope,REQUIRED,INVOICE_PDF_JOB,"Real tenant-scoped invoice lifecycle, settlement, voiding and private version-bound PDF evidence; browser/axe and backend reconciliation tests pass",LOADING_ERROR_EMPTY_SUCCESS_PERMISSION_CONFLICT_DEGRADED,AXE_VERIFIED,RESPONSIVE_VERIFIED,TYPECHECK_BACKEND_RECONCILIATION_IDEMPOTENCY_WORKER_PLAYWRIGHT_AXE,Engineering Owner,VERIFIED_REPOSITORY
/finance/payments,apps/cloud/command-center/app/(dashboard)/finance/payments/page.tsx,Finance Payments,Collection/Workspace,COMPLETE,4,useCommercialPayments; useProviderWebhookEvents; useReconcilePaymentMutation; useRefundPaymentMutation,/superadmin/billing-admin/payments; provider-webhooks; reconciliation; refund; /billing/provider-webhooks/{gateway_id},billing/payments,commercial transaction ledger and verified immutable provider webhook receipt,platform.finance_admin+support_scope,REQUIRED,NONE,"Verified Stripe/Razorpay signatures, replay protection, deduplication, deterministic reconciliation, refund lineage and receipt inspection pass repository outage and isolation tests; provider sandbox remains external certification",LOADING_ERROR_EMPTY_SUCCESS_PERMISSION_CONFLICT_DEGRADED,AXE_VERIFIED,RESPONSIVE_VERIFIED,TYPECHECK_BACKEND_PROVIDER_REPLAY_RECONCILIATION_REFUND_PLAYWRIGHT_AXE,Engineering Owner,VERIFIED_REPOSITORY
/finance/taxes,apps/cloud/command-center/app/(dashboard)/finance/taxes/page.tsx,Finance Taxes,Collection/Workspace,MOCKED,4,useState; useTaxConfig,SERVICE_OR_HOOK_REVIEW_REQUIRED,billing/payments,financial ledger and verified provider events,finance.manage,POLICY_DRIVEN,NONE_OR_DOMAIN_REVIEW,placeholder,REQUIRES_VERIFICATION,REQUIRES_WCAG_REVIEW,REQUIRES_BREAKPOINT_REVIEW,MISSING_OR_UNVERIFIED,Engineering Owner,PENDING
/finance/transactions,apps/cloud/command-center/app/(dashboard)/finance/transactions/page.tsx,Finance Transactions,Collection/Workspace,PARTIAL,4,useFinancialTransactions; useState,SERVICE_OR_HOOK_REVIEW_REQUIRED,billing/payments,financial ledger and verified provider events,finance.manage,POLICY_DRIVEN,NONE_OR_DOMAIN_REVIEW,Requires contract and journey verification,REQUIRES_VERIFICATION,REQUIRES_WCAG_REVIEW,REQUIRES_BREAKPOINT_REVIEW,MISSING_OR_UNVERIFIED,Engineering Owner,PENDING
/identity-security/access-reviews,apps/cloud/command-center/app/(dashboard)/identity-security/access-reviews/page.tsx,Identity Security Access Reviews,Collection/Workspace,COMPLETE,3/8,useAccessReviews; useCreateAccessReview; useDecideAccessReview; useGlobalUsers,/superadmin/security-governance/access-reviews,audit/security,access review register and immutable sensitive audit events,platform.superadmin+support_scope,REQUIRED,NONE,Tenant-scoped versioned review and dual-control break-glass decisions are implemented; approval never auto-grants access; browser/axe and backend conflict/audit evidence pass,LOADING_ERROR_EMPTY_SUCCESS_PERMISSION_CONFLICT,AXE_VERIFIED,RESPONSIVE_VERIFIED,TYPECHECK_BACKEND_DUAL_CONTROL_AUDIT_PLAYWRIGHT_AXE,Engineering Owner,VERIFIED_REPOSITORY
/identity-security/audit-logs,apps/cloud/command-center/app/(dashboard)/identity-security/audit-logs/page.tsx,Identity Security Audit Logs,Collection/Workspace,COMPLETE,3/8,usePlatformAudit; useAuditExports; useCreateAuditExport; useDownloadAuditExport,/platform/audit; /superadmin/audit-exports,identity/RBAC/audit,immutable audit records and durable export job ledger,platform.superadmin+support_scope,REQUIRED,AUDIT_EXPORT_JOB,"Server cursor navigation, scoped idempotent export, broker failure durability, private download, expiry and retention cleanup pass integration tests",LOADING_ERROR_EMPTY_SUCCESS_PERMISSION_DEGRADED,AXE_VERIFIED,RESPONSIVE_VERIFIED,TYPECHECK_BACKEND_CURSOR_ISOLATION_EXPORT_OUTAGE_RETENTION_PLAYWRIGHT,Engineering Owner,VERIFIED_REPOSITORY
/identity-security/impersonation,apps/cloud/command-center/app/(dashboard)/identity-security/impersonation/page.tsx,Identity Security Impersonation,Collection/Workspace,PARTIAL,3/8,useEndImpersonationSession; useImpersonationLogs; useMemo; useReactTable; useState,SERVICE_OR_HOOK_REVIEW_REQUIRED,identity/RBAC/audit,"identity, assignment, session and audit records",security.manage,REQUIRED_FOR_HIGH_RISK_MUTATIONS,NONE_OR_DOMAIN_REVIEW,Requires contract and journey verification,REQUIRES_VERIFICATION,REQUIRES_WCAG_REVIEW,REQUIRES_BREAKPOINT_REVIEW,MISSING_OR_UNVERIFIED,Engineering Owner,PENDING
/identity-security/permissions,apps/cloud/command-center/app/(dashboard)/identity-security/permissions/page.tsx,Identity Security Permissions,Collection/Workspace,COMPLETE,3/8,useAdminOrgs; usePlatformPermissions; usePlatformRoles; useRolePermissions; useToggleRolePermission,/superadmin/access/permissions and scoped role permission mappings,identity/RBAC/audit,"permission catalogue, tenant role mapping and audit records",security.manage,REQUIRED,NONE,"Explicit tenant scope, step-up mutation, reason, immutable audit, query invalidation and isolation evidence pass; backend authorization remains database-authoritative and uncached",LOADING_ERROR_EMPTY_SUCCESS_PERMISSION_CONFLICT,AXE_VERIFIED,RESPONSIVE_VERIFIED,BACKEND_INTEGRATION_ISOLATION_PLAYWRIGHT_DENIAL,Engineering Owner,VERIFIED_REPOSITORY
/identity-security/roles,apps/cloud/command-center/app/(dashboard)/identity-security/roles/page.tsx,Identity Security Roles,Collection/Workspace,COMPLETE,3/8,useAdminOrgs; useCreatePlatformRole; useDeletePlatformRole; usePlatformRoles; useUpdatePlatformRole,/superadmin/access/roles,identity/RBAC/audit,"tenant role, assignment and audit records",security.manage,REQUIRED,NONE,"Tenant-scoped create/update/archive, stale-version conflict, reason, step-up, audit and assignment guard pass backend and browser/axe journeys",LOADING_ERROR_EMPTY_SUCCESS_PERMISSION_CONFLICT,AXE_VERIFIED,RESPONSIVE_VERIFIED,BACKEND_INTEGRATION_VERSION_ISOLATION_PLAYWRIGHT_AXE,Engineering Owner,VERIFIED_REPOSITORY
/identity-security/security-events,apps/cloud/command-center/app/(dashboard)/identity-security/security-events/page.tsx,Identity Security Security Events,Collection/Workspace,PARTIAL,3/8,useSecurityEvents; useState,SERVICE_OR_HOOK_REVIEW_REQUIRED,identity/RBAC/audit,"identity, assignment, session and audit records",security.manage,POLICY_DRIVEN,NONE_OR_DOMAIN_REVIEW,Requires contract and journey verification,REQUIRES_VERIFICATION,REQUIRES_WCAG_REVIEW,REQUIRES_BREAKPOINT_REVIEW,MISSING_OR_UNVERIFIED,Engineering Owner,PENDING
/identity-security/users,apps/cloud/command-center/app/(dashboard)/identity-security/users/page.tsx,Identity Security Users,Collection/Workspace,COMPLETE,3/8,useAdminOrgs; useForceLogoutUser; useGlobalUsers; useImpersonateUser; useReset2FA; useUpdateUserPlatformRole; useUpdateUserStatus,/platform/global-users and protected user security lifecycle APIs,identity/RBAC/audit,"identity, session, platform role and audit records",security.manage,REQUIRED,NONE,"Status, session revocation, MFA reset, platform-role and impersonation actions are real, reasoned, step-up protected and audited; denial and dual-control evidence pass",LOADING_ERROR_EMPTY_SUCCESS_PERMISSION_CONFLICT,AXE_VERIFIED,RESPONSIVE_VERIFIED,BACKEND_INTEGRATION_SESSION_AUDIT_PLAYWRIGHT_DENIAL,Engineering Owner,VERIFIED_REPOSITORY
/operations-center/database,apps/cloud/command-center/app/(dashboard)/operations-center/database/page.tsx,Operations Center Database,Collection/Workspace,COMPLETE,5,useDatabaseStats,SUPER_ADMIN_SERVICE,operations_control/platform,read-only observed database telemetry,operations.infrastructure.view,POLICY_DRIVEN,NONE,No fabricated migration RLS backup or restore state,LOADING_EMPTY_DEGRADED_ERROR_SUCCESS,AXE_AUTOMATED,RESPONSIVE_IMPLEMENTED,INTEGRATION_AND_E2E,Engineering Owner,PHASE5_ACCEPTANCE
/operations-center/jobs,apps/cloud/command-center/app/(dashboard)/operations-center/jobs/page.tsx,Operations Center Jobs,Collection/Workspace,COMPLETE,5,useBackgroundJobs; useJobControl,SUPER_ADMIN_SERVICE,operations_control/jobs,domain job tables plus job control ledger,operations.jobs.manage,REQUIRED_FOR_CANCEL,DURABLE_JOB_REQUIRED,Typed adapters sanitize output and expose source availability,LOADING_EMPTY_DEGRADED_CONFLICT_ERROR_SUCCESS,AXE_AUTOMATED,RESPONSIVE_IMPLEMENTED,INTEGRATION_AND_E2E,Engineering Owner,PHASE5_ACCEPTANCE
/operations-center,apps/cloud/command-center/app/(dashboard)/operations-center/page.tsx,Operations Center,Collection/Workspace,COMPLETE,5,useOperationsOverview,SUPER_ADMIN_SERVICE,operations_control,bounded source health projections,operations.overview.view,POLICY_DRIVEN,NONE,Each source reports status freshness and evidence,LOADING_EMPTY_DEGRADED_ERROR_SUCCESS,AXE_AUTOMATED,RESPONSIVE_IMPLEMENTED,INTEGRATION_AND_E2E,Engineering Owner,PHASE5_ACCEPTANCE
/operations-center/requests,apps/cloud/command-center/app/(dashboard)/operations-center/requests/page.tsx,Operations Center Requests,Collection/Workspace,COMPLETE,5,useOperationalRequests; useOperationalRequestMutation,SUPER_ADMIN_SERVICE,technology_services,service requests assignments and SLA records,operations.requests.manage,POLICY_DRIVEN,NONE,Cursor optimistic assignment priority and lifecycle controls,LOADING_EMPTY_DENIED_CONFLICT_ERROR_SUCCESS,AXE_AUTOMATED,RESPONSIVE_IMPLEMENTED,INTEGRATION_AND_E2E,Engineering Owner,PHASE5_ACCEPTANCE
/operations-center/risk-analysis,apps/cloud/command-center/app/(dashboard)/operations-center/risk-analysis/page.tsx,Operations Center Risk Analysis,Collection/Workspace,COMPLETE,5,useOperationalRisks; useRiskMutation,SUPER_ADMIN_SERVICE,deployment_management,risks actions comments and READY evidence,operations.risks.manage,REQUIRED_FOR_HIGH_RISK_ACCEPTANCE,NONE,Validated transitions authority and optimistic versions,LOADING_EMPTY_DENIED_CONFLICT_ERROR_SUCCESS,AXE_AUTOMATED,RESPONSIVE_IMPLEMENTED,INTEGRATION_AND_E2E,Engineering Owner,PHASE5_ACCEPTANCE
/operations-center/search,apps/cloud/command-center/app/(dashboard)/operations-center/search/page.tsx,Operations Center Search,Collection/Workspace,COMPLETE,5,useAdminOrgs; useSearchJobs; useTriggerSearchReindex,SUPER_ADMIN_SERVICE,search,search job history and governed reindex controls,operations.search.manage,REQUIRED,DURABLE_JOB_REQUIRED,Queue acknowledgement dispatch failure audit and idempotency,LOADING_EMPTY_DEGRADED_CONFLICT_ERROR_SUCCESS,AXE_AUTOMATED,RESPONSIVE_IMPLEMENTED,INTEGRATION_AND_E2E,Engineering Owner,PHASE5_ACCEPTANCE
/operations-center/storage,apps/cloud/command-center/app/(dashboard)/operations-center/storage/page.tsx,Operations Center Storage,Collection/Workspace,COMPLETE,5,useQueueStats; useStorageTelemetry,SUPER_ADMIN_SERVICE,files/jobs,authoritative asset states and observed queue telemetry,operations.infrastructure.view,POLICY_DRIVEN,DURABLE_JOB_REQUIRED,Provider quota and worker state remain unverified when absent,LOADING_EMPTY_DEGRADED_ERROR_SUCCESS,AXE_AUTOMATED,RESPONSIVE_IMPLEMENTED,INTEGRATION_AND_E2E,Engineering Owner,PHASE5_ACCEPTANCE
/operations-center/venue-readiness,apps/cloud/command-center/app/(dashboard)/operations-center/venue-readiness/page.tsx,Operations Center Venue Readiness,Collection/Workspace,COMPLETE,5,useVenueReadiness; useVenueMutation,SUPER_ADMIN_SERVICE,venue/procurement,event supplier assignments attestations incidents devices and sync,operations.venue.manage,REQUIRED_FOR_CREDENTIAL_AND_EMERGENCY_ACTIONS,NONE,Supplier health is evidence-based and event-scoped,LOADING_EMPTY_DEGRADED_DENIED_ERROR_SUCCESS,AXE_AUTOMATED,RESPONSIVE_IMPLEMENTED,INTEGRATION_AND_E2E,Engineering Owner,PHASE5_ACCEPTANCE
/organizations/[orgId],apps/cloud/command-center/app/(dashboard)/organizations/[orgId]/page.tsx,Organizations,Detail,PARTIAL,1/3,useAdminOrgDetail; useAdminOrgTimeline; useAdminOrgUsage; useOrganizationMembers; useInviteOrganizationMember; useUpdateOrganizationMember; useRemoveOrganizationMember; useSetOrganizationMemberEvent,platform organization detail/member/event-assignment and lifecycle APIs,platform/RBAC/billing,"organization, membership, event assignment, billing and audit records",organizations.read,REQUIRED_FOR_HIGH_RISK_MUTATIONS,NONE_OR_DOMAIN_REVIEW,"Reasoned step-up detail/status/member mutations, session-revoking removal, plan-limited event assignment and truthful unavailable settings; invitation acceptance/delivery and browser denial journey remain",REQUIRES_VERIFICATION,ACCESSIBLE_STRUCTURE_ADDED,RESPONSIVE_IMPLEMENTED,BACKEND_INTEGRATION_VERIFIED,Engineering Owner,IN_PROGRESS
/organizations,apps/cloud/command-center/app/(dashboard)/organizations/page.tsx,Organizations,Collection/Workspace,PARTIAL,1/3,useAdminOrgs; useProvisionOrganization; useUpdateOrgStatus; useChangeOrgPlan; useReactTable,/platform/organisations and protected lifecycle APIs,platform/RBAC/billing,"organization, operation request and owner invitation records",organizations.read,REQUIRED_FOR_HIGH_RISK_MUTATIONS,NONE_OR_DOMAIN_REVIEW,Real list/status/plan/impersonation data plus reasoned step-up idempotent provisioning; health and MRR fail truthful; invitation delivery and browser journey remain,REQUIRES_VERIFICATION,ACCESSIBLE_STRUCTURE_ADDED,RESPONSIVE_IMPLEMENTED,BACKEND_INTEGRATION_VERIFIED,Engineering Owner,IN_PROGRESS
/platform-settings/authentication,apps/cloud/command-center/app/(dashboard)/platform-settings/authentication/page.tsx,Platform Settings Authentication,Collection/Workspace,MOCKED,8,useEffect; useForm; useGlobalSettings; useUpdateGlobalSettings,SERVICE_OR_HOOK_REVIEW_REQUIRED,platform/identity,versioned platform configuration,platform.settings.manage,REQUIRED_FOR_HIGH_RISK_MUTATIONS,NONE_OR_DOMAIN_REVIEW,placeholder,REQUIRES_VERIFICATION,REQUIRES_WCAG_REVIEW,REQUIRES_BREAKPOINT_REVIEW,MISSING_OR_UNVERIFIED,Engineering Owner,PENDING
/platform-settings/branding,apps/cloud/command-center/app/(dashboard)/platform-settings/branding/page.tsx,Platform Settings Branding,Collection/Workspace,MOCKED,8,useEffect; useForm; useGlobalSettings; useState; useUpdateGlobalSettings,SERVICE_OR_HOOK_REVIEW_REQUIRED,platform/identity,versioned platform configuration,platform.settings.manage,POLICY_DRIVEN,NONE_OR_DOMAIN_REVIEW,placeholder,REQUIRES_VERIFICATION,REQUIRES_WCAG_REVIEW,REQUIRES_BREAKPOINT_REVIEW,MISSING_OR_UNVERIFIED,Engineering Owner,PENDING
/platform-settings/general,apps/cloud/command-center/app/(dashboard)/platform-settings/general/page.tsx,Platform Settings General,Collection/Workspace,MOCKED,8,useEffect; useForm; useGlobalSettings; useState; useUpdateGlobalSettings,SERVICE_OR_HOOK_REVIEW_REQUIRED,platform/identity,versioned platform configuration,platform.settings.manage,POLICY_DRIVEN,NONE_OR_DOMAIN_REVIEW,placeholder,REQUIRES_VERIFICATION,REQUIRES_WCAG_REVIEW,REQUIRES_BREAKPOINT_REVIEW,MISSING_OR_UNVERIFIED,Engineering Owner,PENDING
/platform-settings/localization,apps/cloud/command-center/app/(dashboard)/platform-settings/localization/page.tsx,Platform Settings Localization,Collection/Workspace,MOCKED,8,useEffect; useForm; useGlobalSettings; useState; useUpdateGlobalSettings,SERVICE_OR_HOOK_REVIEW_REQUIRED,platform/identity,versioned platform configuration,platform.settings.manage,POLICY_DRIVEN,NONE_OR_DOMAIN_REVIEW,placeholder,REQUIRES_VERIFICATION,REQUIRES_WCAG_REVIEW,REQUIRES_BREAKPOINT_REVIEW,MISSING_OR_UNVERIFIED,Engineering Owner,PENDING
/platform-settings/notifications,apps/cloud/command-center/app/(dashboard)/platform-settings/notifications/page.tsx,Platform Settings Notifications,Collection/Workspace,MOCKED,8,useEffect; useMemo; useState,SERVICE_OR_HOOK_REVIEW_REQUIRED,platform/identity,versioned platform configuration,platform.settings.manage,POLICY_DRIVEN,NONE_OR_DOMAIN_REVIEW,placeholder,REQUIRES_VERIFICATION,REQUIRES_WCAG_REVIEW,REQUIRES_BREAKPOINT_REVIEW,MISSING_OR_UNVERIFIED,Engineering Owner,PENDING
/reports/analytics,apps/cloud/command-center/app/(dashboard)/reports/analytics/page.tsx,Reports Analytics,Collection/Workspace,PARTIAL,1/3,useCatalogTemplates; useMemo; usePricingSimulations,SERVICE_OR_HOOK_REVIEW_REQUIRED,platform,platform-owned record,platform.read,POLICY_DRIVEN,DURABLE_JOB_REQUIRED,Requires contract and journey verification,REQUIRES_VERIFICATION,REQUIRES_WCAG_REVIEW,REQUIRES_BREAKPOINT_REVIEW,MISSING_OR_UNVERIFIED,Engineering Owner,PENDING
/reports/exports,apps/cloud/command-center/app/(dashboard)/reports/exports/page.tsx,Reports Exports,Collection/Workspace,PARTIAL,1/3,useAdminOrgs; useCommercialExports; useCreateCommercialExport,/superadmin/reports/exports; /superadmin/reports/exports/{export_id}/download,platform/jobs/exports,durable RLS-scoped export job and private object artifact,platform.exports.read,POLICY_DRIVEN,DURABLE_JOB_REQUIRED,"Fake browser export removed; idempotent queue, status polling, worker XLSX/CSV/PDF generation, short-lived authorized download, audit, and Celery registration verified; live broker/object-storage E2E and manual WCAG review remain",LOADING_ERROR_EMPTY_QUEUED_RUNNING_FAILED_READY,REQUIRES_WCAG_REVIEW,RESPONSIVE_IMPLEMENTED,BACKEND_WORKER_FRONTEND_TESTED,Engineering Owner,PENDING_LIVE_INFRA_EVIDENCE
/support-center/announcements/[ticketId],apps/cloud/command-center/app/(dashboard)/support-center/announcements/[ticketId]/page.tsx,Support Center Announcements,Detail,COMPLETE,3/7,useGlobalAnnouncement; useUpdateGlobalAnnouncement; useDeleteGlobalAnnouncement,/platform/communications/announcements/{announcement_id},platform/communications,global announcement record and immutable audit events,platform.superadmin,REQUIRED,NONE,"Real announcement detail update/delete lifecycle with reason, step-up, confirmation, audit and truthful error states",LOADING_ERROR_SUCCESS_PERMISSION,AXE_VERIFIED,RESPONSIVE_VERIFIED,TYPECHECK_BACKEND_AUDIT_PLAYWRIGHT,Engineering Owner,VERIFIED_REPOSITORY
/support-center/announcements,apps/cloud/command-center/app/(dashboard)/support-center/announcements/page.tsx,Support Center Announcements,Collection/Workspace,COMPLETE,3/7,useGlobalAnnouncements; useMaintenanceWindows; create/update/delete mutations,/platform/communications/announcements; /maintenance-windows,platform/communications,global announcement and maintenance-window records,platform.superadmin,REQUIRED,NONE,"Real announcement and maintenance lifecycles require reason and step-up, write immutable audit events, and pass browser mutation/axe evidence",LOADING_ERROR_EMPTY_SUCCESS_PERMISSION_CONFLICT,AXE_VERIFIED,RESPONSIVE_VERIFIED,TYPECHECK_BACKEND_AUDIT_PLAYWRIGHT_AXE,Engineering Owner,VERIFIED_REPOSITORY
/support-center/knowledge-base,apps/cloud/command-center/app/(dashboard)/support-center/knowledge-base/page.tsx,Support Center Knowledge Base,Collection/Workspace,MOCKED,7,useState,SERVICE_OR_HOOK_REVIEW_REQUIRED,support/notifications,"ticket, knowledge and announcement records",support.manage,POLICY_DRIVEN,NONE_OR_DOMAIN_REVIEW,mock,REQUIRES_VERIFICATION,REQUIRES_WCAG_REVIEW,REQUIRES_BREAKPOINT_REVIEW,MISSING_OR_UNVERIFIED,Engineering Owner,PENDING
/support-center/tickets/[ticketId],apps/cloud/command-center/app/(dashboard)/support-center/tickets/[ticketId]/page.tsx,Support Center Tickets,Detail,COMPLETE,7,useSupportTicketAdmin; useSupportCommentsAdmin; useUpdateSupportTicketAdmin; useAddSupportCommentAdmin; useSupportAttachmentsAdmin,/support/tickets/admin/{ticket_id}; comments; attachments,support,"tenant ticket, SLA, comments, private notes, attachment file state and immutable audit",platform.superadmin+support_scope,REQUIRED,ATTACHMENT_SCAN_JOB,"Versioned lifecycle, assignment, escalation, private notes and quarantined attachment readiness/download pass tenant isolation and failure tests",LOADING_ERROR_EMPTY_SUCCESS_PERMISSION_CONFLICT_DEGRADED,AXE_VERIFIED,RESPONSIVE_VERIFIED,UNIT_BACKEND_LIFECYCLE_ISOLATION_AUDIT_STORAGE_SCAN_PLAYWRIGHT,Engineering Owner,VERIFIED_REPOSITORY
/support-center/tickets,apps/cloud/command-center/app/(dashboard)/support-center/tickets/page.tsx,Support Center Tickets,Collection/Workspace,COMPLETE,7,useSupportTicketsAdmin; useAdminOrgs,/support/tickets/admin,support,tenant-owned support tickets and SLA state,platform.superadmin+support_scope,POLICY_DRIVEN,NONE,Real tenant-scoped cursor list and filters replace demo data; scoped empty/success/denial browser and axe evidence pass,LOADING_ERROR_EMPTY_SUCCESS_PERMISSION,AXE_VERIFIED,RESPONSIVE_VERIFIED,UNIT_BACKEND_LIFECYCLE_ISOLATION_PLAYWRIGHT_AXE,Engineering Owner,VERIFIED_REPOSITORY
/proposal-share,apps/cloud/command-center/app/proposal-share/page.tsx,Proposal Share,Collection/Workspace,COMPLETE,1/3,useDecidePublicProposal; usePublicProposal,/public/proposals/share; /public/proposals/share/decision,commercial,immutable proposal snapshot proposal share and access ledger,public.proposal_share,NONE,NONE,Bearer token remains in browser fragment and authorization header; terminal decision is explicitly not a regulated digital signature,LOADING_ERROR_SUCCESS,REQUIRES_WCAG_REVIEW,RESPONSIVE_IMPLEMENTED,BACKEND_TESTED,Engineering Owner,COMPLETE
/super-admin/commercial/plans,apps/cloud/command-center/app/super-admin/commercial/plans/page.tsx,Commercial Plans,Collection/Workspace,MOCKED,9,useAddons; useAdminSubscriptions; useCreateAddon; useCreatePlan; useEffect; useFeatureMatrix; useFeaturesCatalog; useForm; useMemo; usePlanFeatures; usePlatformApplications; useState,SERVICE_OR_HOOK_REVIEW_REQUIRED,billing/commercial,commercial catalogue records,billing.manage,POLICY_DRIVEN,NONE_OR_DOMAIN_REVIEW,placeholder,REQUIRES_VERIFICATION,REQUIRES_WCAG_REVIEW,REQUIRES_BREAKPOINT_REVIEW,MISSING_OR_UNVERIFIED,Engineering Owner,PENDING
/super-admin/platform/components,apps/cloud/command-center/app/super-admin/platform/components/page.tsx,Platform Components,Collection/Workspace,MOCKED,9,useState,SERVICE_OR_HOOK_REVIEW_REQUIRED,templates/blueprints/theme_engine/marketplace,versioned platform catalogues,platform.catalogue.manage,POLICY_DRIVEN,NONE_OR_DOMAIN_REVIEW,placeholder,REQUIRES_VERIFICATION,REQUIRES_WCAG_REVIEW,REQUIRES_BREAKPOINT_REVIEW,MISSING_OR_UNVERIFIED,Engineering Owner,PENDING
/super-admin/platform/themes,apps/cloud/command-center/app/super-admin/platform/themes/page.tsx,Platform Themes,Collection/Workspace,MOCKED,9,useState,SERVICE_OR_HOOK_REVIEW_REQUIRED,templates/blueprints/theme_engine/marketplace,versioned platform catalogues,platform.catalogue.manage,POLICY_DRIVEN,NONE_OR_DOMAIN_REVIEW,mock; placeholder,REQUIRES_VERIFICATION,REQUIRES_WCAG_REVIEW,REQUIRES_BREAKPOINT_REVIEW,MISSING_OR_UNVERIFIED,Engineering Owner,PENDING
